link,job,company,salary,area,experience,education,companyType,companySize,direction,address,describe
https://jobs.51job.com/beijing-hdq/119224087.html?s=01&t=0,销售/店员/营业员,哈里童创（厦门）文化创意有限公司,4-7千/月,北京-海淀区,1年经验,中专,外资（非欧美）,50-150人,餐饮业,世纪金源购物中心,"['\r\n        ', '1、 对零售行业兴趣浓厚；', '2、 擅于学习，如零售知识/商品陈列/账务管理/客户管理/团队管理等；', '3、 应变能力强，可根据情况处理突发事宜；', '4、 对市场信息反映敏感，愿意从基层做起。', '任职要求：', '1、 中专以上学历，有零售经验人员优先；', '2、 服务意识强，有责任感，热情，能与顾客进行良好的沟通；', '3、工作认真负责，团队合作意识强。', '\r\n                ', '\r\n                                        ', '职能类别：', '店员/营业员', '\r\n                                ', '\r\n        ', '微信分享', '\r\n        ', '\r\n        ', '\r\n    ']"
https://jobs.51job.com/beijing-cyq/119224013.html?s=01&t=0,DIY烘焙师/营业员/店员,哈里童创（厦门）文化创意有限公司,4-7千/月,北京-朝阳区,1年经验,中专,外资（非欧美）,50-150人,餐饮业,国贸三期北区FAO,"['\r\n        ', '1、指导与协助客户完成DIY烘焙产品制作；', '2、门店零售产品销售；', '3、会员信息跟进与更新；', '4、库存盘点及相关数据表格统计；', '5、店长安排的其他工作。', '任职要求：', '1、年满18岁，有合格健康证；', '2、有烘焙知识基础或对烘焙有浓厚兴趣；', '3、了解儿童心理，擅于与儿童沟通；', '4、有耐心，能维持良好的客户关系。', '\r\n                ', '\r\n                                        ', '职能类别：', '西点师', '店员/营业员', '\r\n                                        ', '关键字：', '店员/烘焙', '\r\n                    ', '\r\n        ', '微信分享', '\r\n        ', '\r\n        ', '\r\n    ']"
https://jobs.51job.com/beijing-dcq/117069150.html?s=01&t=0,小学科技课老师（可***）,梦想成功文化创意（北京）有限公司,0.8-1万/月,北京-东城区,2年经验,本科,非营利组织,50-150人,教育/培训/院校,东直门外,"['\r\n        ', '职位描述： ', '1 能够教授小学科技课，熟悉科技竞赛规则和发展方向。 ', '2 分析科技竞赛要求，为学生提供参赛辅导。 ', '3 编制本课程课件及教学资料。 ', '任职资格： ', '1 本科以上学历，相关专业，从事科技教学3年以上教学经验； ', '2 对科技竞赛项目培训有研究，熟悉各项目竞赛程序，熟悉历年竞赛情况 ', '3 熟练掌握OFFIC 办公软件的使用和教学 ', '4. 具备相关知识，能透彻分析竞赛的规律、特点、重点、趋势及参赛方法； ', '5. 普通话好、有亲和力和幽默感，课堂讲解生动贴切，有良好的互动技巧，能调动课堂气氛，能够理论联系实际; ', '6 责任心强，爱岗敬业; 具有丰富的教学经验者优先考虑。', '\r\n                ', '\r\n                                        ', '职能类别：', '小学教师', '\r\n                                        ', '关键字：', '科技课教师', '\r\n                    ', '\r\n        ', '微信分享', '\r\n        ', '\r\n        ', '\r\n    ']"
https://jobs.51job.com/beijing-dcq/114771368.html?s=01&t=0,小学数学老师,梦想成功文化创意（北京）有限公司,0.8-1万/月,北京-东城区,2年经验,本科,非营利组织,50-150人,教育/培训/院校,东直门外,"['\r\n        ', '1.负责学校初小学数学课的教学及班主任工作', '2.参加教学研究工作，掌握所教学科的教学大纲、教材教学原则和教学方法；', '3.服从学校工作安排，积极参加学校各项活动，主动承担教育教学工作；', '4.善于和家长沟通，随时做好回访工作；\xa0', '任职资格：\xa0', '1.有2年以上全日制学校初数学教学工作经验的优秀教师，具有教师资格证', '2.有国际学校教学经验者优先，能胜任双语教学者优先', '3.大学本科以上学历,所学专业与职位要求相符，师范类专业或学前教育专业优先', '4.有较强的组织学生能力,教法灵活', '5.热爱学生，尊重和维护学生的权利和利益，有较强的亲和力、责任心、耐心和沟通', '\r\n                ', '\r\n                                        ', '职能类别：', '其他', '\r\n                                        ', '关键字：', '小学数学老师', '\r\n                    ', '\r\n        ', '微信分享', '\r\n        ', '\r\n        ', '\r\n    ']"
https://jobs.51job.com/beijing-dcq/114701043.html?s=01&t=0,小学托管班教师,梦想成功文化创意（北京）有限公司,6-8千/月,北京-东城区,2年经验,本科,非营利组织,50-150人,教育/培训/院校,东直门外,"['\r\n        ', '1.小班化教学，对小学生进行课后作业辅导。', '2.开展校区内其他形式的教学活动。', '3.与家长沟通并反馈学生的学习情况，针对教育情况给予建议。', '任职资格：\xa0', '1.全日制专科以上学历。', '2.性格开朗，富有亲和力、责任心，普通话标准流利。', '3.有过家教、托管班经验及教师资格证者优先。', '4.热爱并有志从事教育行业经验者可放宽要求。', '\r\n                ', '\r\n                                        ', '职能类别：', '小学教师', '\r\n                                ', '\r\n        ', '微信分享', '\r\n        ', '\r\n        ', '\r\n    ']"
https://jobs.51job.com/beijing-cyq/104275442.html?s=01&t=0,教务管理,梦想成功文化创意（北京）有限公司,4.5-6千/月,北京-朝阳区,无工作经验,本科,非营利组织,50-150人,教育/培训/院校,三元桥,"['\r\n        ', '1负责公司合同等文件资料的管理、归类、整理建档和保管工作；', '2对学生资料的管理、归类、整理建档和保管工作；', '3负责已报考学员的资料信息收集及开课咨询等；', '4组织学生考试，通知学生考试事宜和信息上报；', '5收集、整理教学资料；', '6协调教学老师、教学安排，编制课表；', '7协助完成领导交办的其他工作。', '任职要求：', '1、本科以上学历，工商管理、经济类专业；', '2、性格开朗大方，善于沟通协作，具备良好的表达能力。', '3、熟练使用office,photoshop等办公软件，具备行政管理知识，有行政工作经验者优先；', '                                                    ', '4', '、有较强的工作主动性和执行力，责任感强，吃苦耐劳，愿意承担工作压力和挑战。', '\r\n                ', '\r\n                                        ', '职能类别：', '行政专员/助理', '培训助理', '\r\n                                        ', '关键字：', '教务管理', '教学管理', '文秘', '文职', '培训助理', '文秘助理', '教务办公室', '办公室', '\r\n                    ', '\r\n        ', '微信分享', '\r\n        ', '\r\n        ', '\r\n    ']"
https://jobs.51job.com/beijing-dcq/101474055.html?s=01&t=0,小学英语老师,梦想成功文化创意（北京）有限公司,0.8-1万/月,北京-东城区,2年经验,本科,非营利组织,50-150人,教育/培训/院校,新中街,"['\r\n        ', '岗位职责：', '1、负责英语学科教学工作；', '2、定期参加集体备课并参与讲义的编写。', '3、对教育行业有一定的了解和认同，能持之以恒。', ' ', '任职要求：      ', '1、熟悉北京地区小学英语等级考试；（KET、PET、FCE等）', '2、能讲授三一口语、新概念和剑桥少儿英语者优先；', '3、英语专业或是师范院校相关专业者优先；', '4、对北京地区小升初政策有一定的了解。', '5、本科（含）以上学历，热爱教育事业，责任心强；', '6、普通话标准，表现力强，思路清晰，善于沟通交流；', '                                                ', '7、年龄在45岁以下，具有扎实的知识功底。', '\r\n                ', '\r\n                                        ', '职能类别：', '其他', '小学教师', '\r\n                                ', '\r\n        ', '微信分享', '\r\n        ', '\r\n        ', '\r\n    ']"
https://jobs.51job.com/beijing-cyq/101441210.html?s=01&t=0,青少年生涯规划师/学业规划师,梦想成功文化创意（北京）有限公司,0.8-1万/月,北京-朝阳区,2年经验,本科,非营利组织,50-150人,教育/培训/院校,三元桥,"['\r\n        ', '1、岗位职责：', '（1） 承担青少年学业规划和生涯规划工作。', '（2） 承担青少年心理健康教育和青春期成长指导。', '（3） 承担家庭教育、亲子关系教育指导。', '（4） 负责学生的学业辅导，激发学生学习兴趣、传授学生学习方法、培养学生学习习惯。', '（5） 负责各种规划辅导相关活动的制定与执行。', '2、岗位要求：', '（1） 教育学、心理学等相关专业优秀硕士毕业生，有家教经验者优先。', '（2） 教育学、心理学、人力资源等相关专业重点大学本科优秀毕业生。', '（3） 已获得国家二级心理咨询师和二级人力资源管理师等证书者优先。', '（4） 有爱心，具有良好的职业道德修养，沟通协调能力强。', '（5） 有责任心，沟通力强，可与陌生人较快建立信赖感。', '3、  薪资待遇', '（1）具有竞争力的薪水和高绩效奖金；', '（2）五险一金；', '（3）协助办理北京工作居住证；', '（4）免费员工职业发展规划及能力提升；', '（5）免费员工子女学业规划及教育福利；', '  （6）团队旅游；', '                                                                            ', '（', '7', '）快速晋升的机会。', '\r\n                ', '\r\n                                        ', '职能类别：', '专业顾问', '\r\n                                ', '\r\n        ', '微信分享', '\r\n        ', '\r\n        ', '\r\n    ']"
https://jobs.51job.com/beijing-cyq/118661409.html?s=01&t=0,招商主管,上海德必文化创意产业发展（集团）股份有限公司,1-1.5万/月,北京-朝阳区,1年经验,大专,民营公司,150-500人,多元化业务集团公司,东风南路8号院东枫德必B栋,"['\r\n        ', '岗位职责:', '1.\xa0独立进行现场接待、商务谈判及签约等；', '2.\xa0开发客户和拓展资源；', '3.\xa0协助招商经理完成相关项目市场调研工作；', '4.\xa0独立规划业务工作，招商过程中发现并解决问题；', '5.\xa0与客户保持良好沟通，维护客户关系。', '\xa0', '任职资格:', '1.\xa025-35岁，1年以上写字楼租赁经验，语言表达能力强，现场执行效率高；', '2.\xa0性格开朗，良好的沟通协调能力；', '3.\xa0有很强的学习能力与抗压能力；', '4.\xa0敏锐的写字楼市场洞察力；', '5.\xa0有很强的服务意识和团队协作意识。', '\r\n                ', '\r\n                                        ', '职能类别：', '物业招商/租赁/租售', '\r\n                                ', '\r\n        ', '微信分享', '\r\n        ', '\r\n        ', '\r\n    ']"
https://jobs.51job.com/beijing-dcq/116432444.html?s=01&t=0,行政文员/助理,上海德必文化创意产业发展（集团）股份有限公司,4.5-6千/月,北京-东城区,1年经验,大专,民营公司,150-500人,多元化业务集团公司,北京市东城区光明西街1号,"['\r\n        ', '1、公共区域环境及设施设备日常巡视；', '2、日常行政物品采购，办公用品耗材的管理及办公设备的管理与维护；；', '3、协助做好客户及政府等接待任务；', '4、固定资产定期盘点，建立固定资产台账；', '5、客户档案整理及汇报，园区各类行政统计报表制作及汇总；', '6、领导安排的临时项目性工作。', '任职资格：', '1.\xa0良好的沟通能力、乐意学习新事物；', '2.\xa0仪表端庄，普通话流利，工作热情积极、细致耐心；', '3.\xa0具有一定的组织协调能力，能协助主管处理日常各种事物和突发事件；', '4.\xa0一年以上行政经验，有中型办公楼物业管理经验，或酒店工作经验为佳。', '5. 熟练使用office相关办公软件；', '6. 对待工作认真努力，进取心强，能够接受较强压力。', '工作地址：', '1.天坛WE‘’，东城区法华寺街91号；', '2.龙潭WE‘’，东城区光明西街1号；', '3.东枫德必WE‘’，朝阳区东风南路8号院。', '\r\n                ', '\r\n                                        ', '职能类别：', '物业管理专员/助理', '行政专员/助理', '\r\n                                ', '\r\n        ', '微信分享', '\r\n        ', '\r\n        ', '\r\n    ']"
https://jobs.51job.com/beijing-dcq/116432145.html?s=01&t=0,物业客服专员,上海德必文化创意产业发展（集团）股份有限公司,4.5-6千/月,北京-东城区,1年经验,大专,民营公司,150-500人,多元化业务集团公司,北京市东城区光明西街1号,"['\r\n        ', '1. 处理客户投诉、需求及建议，并书面回复对方，问题解决后做好回访工作；', '2. 根据客户报修情况，安排工程部相关人员进行维修，并在维修后做好回访工作；', '3. 为客户办理交房退房手续，联系各部门配合完成交房退房工作，联系各部门给客户办理二次装修手续；', '4. 主动拜会客户，并做好记录，就客户提出的意见及建议安排各相关部门解决，再书面回复客户提供解决方案、时间或时间表；', '5. 按照要求及时提交公司或运营中心所需的各项表单、数据；', '6. 接听电话、记录电话内容，并及时向有关人员转达。', '任职资格：', '1. 良好的沟通能力、乐意学习新事物；', '2. 仪表端庄，操流利普通话；', '3. 具有一定的组织协调能力，能协助主管处理日常各种事物和突发事件；', '4. 一年以上行政、文书经验，有中型办公楼物业管理经验，或酒店工作经验为佳。', '工作地址：', '1.天坛WE‘’，东城区法华寺街91号；', '2.龙潭WE‘’，东城区光明西街1号；', '3.东枫德必WE‘’，朝阳区东风南路8号院。', '\r\n                ', '\r\n                                        ', '职能类别：', '行政专员/助理', '物业管理专员/助理', '\r\n                                ', '\r\n        ', '微信分享', '\r\n        ', '\r\n        ', '\r\n    ']"
https://jobs.51job.com/beijing-cyq/115959138.html?s=01&t=0,鞋履产品设计助理,北京合时文化创意有限公司,3.5-6.5千/月,北京-朝阳区,无工作经验,本科,民营公司,少于50人,奢侈品/收藏品/工艺品/珠宝,京顺路孙河地铁站（地铁15号线）弘园5号创意生活空间,"['\r\n        ', '岗位职责：\xa0', '1、依据公司品牌风格及定位，协助设计师完成上级下达的各季产品开发计划任务；', '\xa02、协助主设计师开发、设计符合各个渠道的产品，如：订货会，淘宝等相关销售渠道；\xa0', '3、协助设计师完成一个或多个波段的系列设计；\xa0', '4、与相关工艺、采购部门紧密配合，配合设计师指导相关工艺部门完成样板的制作及修订；\xa0', '5、协助设计师制定每季产品结构的规划、制定及完善，包括颜色、面料、款式的设定及相关工作；', '\xa06、协助对流行元素和款式的确定；协助批板工作及每期发布会产品展示；', '\xa07、协助控制把控产品研发成本。', '\xa0任职资格：', '\xa01、本科学历，配饰或服装相关专业，性别不限；\xa0', '2、2年以上女装设计经验，中高端服装企业高级设计师或主设计师工作经验优先。', '3、熟悉女装设计、面料性能、服饰搭配及色彩运用等相关专业知识；\xa0', '4、有些美学功底，时尚触觉敏锐，创新意识强，善于捕捉、提炼并灵活运用流行趋势。\xa0', '5、手绘功底优秀；\xa0', '6、有一定协调能力，具有团队合作精神及良好的职业操守。\xa0', '\r\n                ', '\r\n                                        ', '职能类别：', '工业/产品设计', '其他', '\r\n                                        ', '关键字：', '鞋履服装服饰', '\r\n                    ', '\r\n        ', '微信分享', '\r\n        ', '\r\n        ', '\r\n    ']"
https://jobs.51job.com/beijing-cyq/115043226.html?s=01&t=0,鞋履设计师 (职位编号：007),北京合时文化创意有限公司,0.8-1.5万/月,北京-朝阳区,1年经验,本科,民营公司,少于50人,奢侈品/收藏品/工艺品/珠宝,京顺路孙河地铁站（地铁15号线）弘园5号创意生活空间,"['\r\n        ', '职位诱惑：\xa0', '团队专业,升职机会大,时尚新潮,工作稳定 。', '\xa0岗位职责：\xa0', '\xa01、依据公司品牌风格及定位，完成上级下达的各季产品开发计划任务；\xa0', '\xa02、开发、设计符合各个渠道的产品，如：订货会，淘宝等相关销售渠道；', '\xa0 3、能够独立完成一个或多个波段的系列设计；\xa0', '4、与相关工艺、采购部门紧密配合，配合指导相关工艺部门完成样板的制作及修订；\xa0', '5、制定每季产品结构的规划、制定及完善，包括颜色、面料、款式的设定及相关工作；\xa0', '6、对流行元素和款式的确定；负责批板工作及每期发布会产品展示；', '7、控制把控产品研发成本。\xa0', '\xa0任职资格：\xa0\xa0', '1、本科学历，配饰或服装相关专业，性别不限；', '\xa02、3年以上女装设计经验，中高端服装企业高级设计师或主设计师工作经验；', '\xa03、精通女装设计、面料性能、服饰搭配及色彩运用等相关专业知识；\xa0', '\xa04、美学功底深厚，时尚触觉敏锐，创新意识强，善于捕捉、提炼并灵活运用流行趋势，对色彩及面料趋势有准确的判断力，并持有恰当，独到的见解；\xa0', '\xa05、深入理解品牌风格理念，有同类审美取向，并将其运用于设计，能独立完成主题，系列设计工作；\xa0', '6、掌握工艺、制作的基本能力，手绘功底优秀；\xa0\xa0', '7、优秀的领导组织、沟通、协调能力，具有团队合作精神及良好的职业操守。 工作地址 北京\xa0-\xa0朝阳区\xa0-\xa0孙河\xa0', '\r\n                ', '\r\n                                        ', '职能类别：', '其他', '工业/产品设计', '\r\n                                        ', '关键字：', '鞋履设计师', '\r\n                    ', '\r\n        ', '微信分享', '\r\n        ', '\r\n        ', '\r\n    ']"
https://jobs.51job.com/beijing-cyq/114841981.html?s=01&t=0,文员,北京合时文化创意有限公司,3-4.5千/月,北京-朝阳区,无工作经验,本科,民营公司,少于50人,奢侈品/收藏品/工艺品/珠宝,京顺路孙河地铁站（地铁15号线）弘园5号创意生活空间,"['\r\n        本科以上学历，211学校的管理、财会、或商务类专业优先，协助运营经理执行和处理运营过程中的具体事务，学习运营管理方面的专业技能，作为CHINCHIN\xa0团队的储备干部培养。\r\n                ', '\r\n                                        ', '职能类别：', '其他', '商务助理', '\r\n                                ', '\r\n        ', '微信分享', '\r\n        ', '\r\n        ', '\r\n    ']"
https://jobs.51job.com/beijing-xcq/114068177.html?s=01&t=0,店长/店员,北京合时文化创意有限公司,0.8-1万/月,北京-西城区,2年经验,中专,民营公司,少于50人,奢侈品/收藏品/工艺品/珠宝,北京汉光百货,"['\r\n        ', 'CHINCHIN 女鞋导购', '工作地点北京汉光百货／朝阳大悦城店', '有服务相关经验者优先', '门店销售员（店长培训生）', '店长贮备岗位', '1.熟悉时尚设计师女鞋销售；', '2.具备较强的逻辑思维能力和语言表达能力，能够进行正确销售引导；', '3.具有较强的客户的开拓能力和维护能力；', '4.热爱时尚及营销工作，有强烈的工作责任心和自律意识；', '5.良好的形象,具有吃苦耐劳的精神，有良好的服务意识；', '6.具有高度的工作责任心，有团队合作精神及良好的沟通技巧；', '7.对时尚流行具备敏锐的嗅觉和优秀的穿衣品位；', '8.热情开朗、微笑待客，具备良好的服务意识和沟通能力。', '9.门店日常的货品熟知和学习，提供专业服装搭配，培养粉丝客户', '10.按照公司客户服务标准，积极主动做好顾客服务，完成销售任务，提高门店的销售业绩', '11.完成商品的来货验收、上架陈列、补货、退货、防损等日常工作', '12.负责个人接待客户未成单跟进及检查，并及时汇报；', '13.负责个人销售分析、周总结、月总结及年度总结提交给直属领导；', '岗位要求：', '1.大专及以上学历，年龄19-32岁，形象气质佳，亲和力强', '2.一年以上女鞋行业销售经验', '3.具有较强的沟通能力及服务意识，能够根据不同顾客的特点建立良好关系4. 个人形象气质佳，具备个人独特的品质、品味及内涵，身高160CM以上，经过专业形象礼仪培训；', '5. 熟悉店面接待流程及产品工艺介绍，销售话术；', '6. 具备店面各项文件资料及物资管理能力，能做到整齐有序存放及标识管理；7. 具备预防客诉及处理客诉的技巧及能力；', '8. 具备良好的客户接待礼仪及商务社交礼仪；', '\r\n                ', '\r\n                                        ', '职能类别：', '店员/营业员', '\r\n                                        ', '关键字：', '店员', '营业员', '服务员', '百货', '营业', '蓝领', '基层', '商场', '管理', '服务', '\r\n                    ', '\r\n        ', '微信分享', '\r\n        ', '\r\n        ', '\r\n    ']"
https://jobs.51job.com/guangzhou-byq/113408490.html?s=01&t=0,收发货管理员,北京合时文化创意有限公司,4.5-6千/月,广州-白云区,2年经验,中专,民营公司,少于50人,奢侈品/收藏品/工艺品/珠宝,金沙洲恒大金名都,"['\r\n        任职要求：', '1、年龄在23-35岁间，中专以上学历，办公软件熟练，\xa0做事利索，有责任心。', '2.、有鞋厂或电商工作经验优先。\xa0', '3、上班地点在广州。', '主要工作内容：', '1、负责每日收发货，验货及日报工作，统计每日出货、收货及日报周报月报表，月度提交盘点报表。', '2.、领导安排的其他工作。\xa0', '3.、提升：理清商品流动踪迹，做到管理层见报表对你的工作成绩一目了然。', '福利待遇：法定节假日，周末双休，带薪年假，年终奖金。\r\n                ', '\r\n                                        ', '职能类别：', '物流专员/助理', '仓库管理员', '\r\n                                ', '\r\n        ', '微信分享', '\r\n        ', '\r\n        ', '\r\n    ']"
https://jobs.51job.com/beijing-cyq/113400797.html?s=01&t=0,商务助理,北京合时文化创意有限公司,3-4.5千/月,北京-朝阳区,无工作经验,大专,民营公司,少于50人,奢侈品/收藏品/工艺品/珠宝,京顺路孙河地铁站（地铁15号线）弘园5号创意生活空间,"['\r\n        任职资格：大专以上在校实习生或应届毕业生，电子商务专业。', '工作内容：协助销售经理处理订单，及时回复客户信息等商务基础工作。\r\n                ', '\r\n                                        ', '职能类别：', '商务助理', '销售行政助理', '\r\n                                ', '\r\n        ', '微信分享', '\r\n        ', '\r\n        ', '\r\n    ']"
https://jobs.51job.com/beijing-cyq/113400651.html?s=01&t=0,财务助理,北京合时文化创意有限公司,3-4.5千/月,北京-朝阳区,无工作经验,本科,民营公司,少于50人,奢侈品/收藏品/工艺品/珠宝,京顺路孙河地铁站（地铁15号线）弘园5号创意生活空间,"['\r\n        任职资格：', '        二本以上学历在校实习生，或应届毕业生。', '工作内容', '1、协助主办会计开展工作，做好会计业务，搞好会计核算和分析。', '2、进行会计核算，实行会计监督，拒绝办理违反财经制度的业务，拒绝不合理支出。', '3、按时记账，结账、报账，定期核对现金、银行存款、盘点物资，做到账务、账账、账证、账表、账款“五相符”。', '4、认真核对收支单据，凡未按规定审批的单据，一律不得入账。', '5、积极配合和支持理财小组的活动，及时做好理财准备工作，提供真实完整的财务资料。', '6、加强原始凭证审核、编制好记账凭证，及时登记各类账簿。', '7、认真做好统计、汇总、上报工作。', '8、办理其他有关的财会事务，做好文书及日常事务工作。', '9、及时办理、保管会计凭证、账簿、报表等财务档案资料。', '10、办理公司证件年检及有关事宜。\r\n                ', '\r\n                                        ', '职能类别：', '储备干部', '实习生', '\r\n                                ', '\r\n        ', '微信分享', '\r\n        ', '\r\n        ', '\r\n    ']"
https://jobs.51job.com/beijing-cyq/113307700.html?s=01&t=0,库房管理员,北京合时文化创意有限公司,4.5-6千/月,北京-朝阳区,2年经验,中专,民营公司,少于50人,奢侈品/收藏品/工艺品/珠宝,京顺路孙河地铁站（地铁15号线）弘园5号创意生活空间,"['\r\n        任职要求：', '1、年龄在23-35岁间，办公软件熟练，\xa0做事利索，有责任心。', '2.、有大专以上学历和同类工作经验优先。\xa0', '主要工作内容：', '1、负责每日小库房收发货及日报工作，统计每日出货、收货及日报周报月报表，月度提交盘点报表。', '2.、领导安排的其他工作。\xa0', '3.、提升：理清商品流动踪迹，做到管理层见报表对你的工作成绩一目了然。', '福利待遇：法定节假日，周末双休，带薪年假，年终奖金。\r\n                ', '\r\n                                        ', '职能类别：', '商务助理', '其他', '\r\n                                ', '\r\n        ', '微信分享', '\r\n        ', '\r\n        ', '\r\n    ']"
https://jobs.51job.com/beijing-cyq/113280307.html?s=01&t=0,平面设计师 (职位编号：006),北京合时文化创意有限公司,0.6-1万/月,北京-朝阳区,2年经验,本科,民营公司,少于50人,奢侈品/收藏品/工艺品/珠宝,京顺路孙河地铁站（地铁15号线）弘园5号创意生活空间,"['\r\n        ', '我们需要这样的你： ', '1.拥有服饰/快消/化妆/广告、公关公司/时尚杂志等时尚行业工作经验，工作年限为2年以上； ', '2.有较强的创意能力、独特的时尚品味及充沛的工作热情； ', '3.熟练操作平面设计软件（包括不限于 PS/AI软件）； 4.高度团队合作精神、优良的沟通协调能力。 ', '你应来自于这样平台： ', '1.国际快时尚/国内时装品牌服饰公司； ', '2.广告公司/公关公司（4A优先），设计师或美术指导； ', '3.时尚杂志，平面设计人员（例如：vogue/瑞丽等）。', '\r\n                ', '\r\n                                        ', '职能类别：', '平面设计师', '\r\n                                        ', '关键字：', '品牌', '视觉形象设计', '\r\n                    ', '\r\n        ', '微信分享', '\r\n        ', '\r\n        ', '\r\n    ']"
https://jobs.51job.com/beijing-cyq/113267240.html?s=01&t=0,财务内勤,北京合时文化创意有限公司,0.8-1万/月,北京-朝阳区,5-7年经验,本科,民营公司,少于50人,奢侈品/收藏品/工艺品/珠宝,京顺路孙河地铁站（地铁15号线）弘园5号创意生活空间,"['\r\n        岗位职责：\xa0', '\xa0\xa0\xa0\xa0\xa0\xa0\xa01、根据CEO制定的企业发展规划，分阶段制定企业财务管理目标和计划，并监督实施。', '\xa0\xa0\xa0\xa0\xa0\xa0\xa02、建账建制，制定各级会计科目。', '组织进行日常财务核算，年终会计决算工作。', '公司的财务分析工作；', '\u3000绩效指标：流程质量、差错率、报告及时性、准确性', '\u3000\u30003．负责公司的财务稽核工作', '\u3000\u3000审核公司各项财务收支、货币资金结算事项；', '\u3000\u3000审核记账凭证、会计报表、财务报告；', '\u3000\u3000组织公司固定资产、库存原材料、库存现金等的盘点工作；', '\u3000\u30004．负责组织公司的财务预算工作：', '\u3000\u3000负责组织实施公司月度、年度资金收支、利润预算，并监督贯彻执行；', '\u3000\u3000负责组织公司月度、年度资金收支、利润预算分析报告；', '\u3000\u3000绩效指标：部门预算差异率、预算制度执行情况', '\u3000\u30005．负责组织制定公司财务管理制度：', '\u3000\u3000负责组织制定财务预算管理制度，并监督执行；负责组织制定财务核算、管理制度，并监督执行；负责组织制定成本费用管理制度，并监督执行；', '\u3000\u3000绩效指标：完成制度数量、执行效果', '\u3000\u30006．负责公司的资金管理：制定公司的资金调动计划；', '\u3000\u3000绩效指标：资金到位及时性、财务费用增减率', '\u3000\u30007．组织进行财税、金融政策研究，对公司各项经营决策提供财务专业意见；', '\u3000\u30008．负责协调公司与金融机构、税务、集团各公司财务部等部门的关系：', '\u3000\u30009．服从上级交办的临时性工作。', '任职资格：', '\xa01、财务专业本科以上学历，财务主管和内勤工作经验3年以上，年龄28-45岁，有创业公司经历优先。', '2、工作严谨仔细，自驱动，责任心强，抗压力强，有良好的沟通能力。\xa0', '福利待遇：\xa0工作室免费咖啡小食，五险，双休，除法定节假日外另有春节期间年假一周到十五天。\xa0', '\r\n                ', '\r\n                                        ', '职能类别：', '财务主管/总账主管', '税务经理/税务主管', '\r\n                                        ', '关键字：', '数据核对管理', '\r\n                    ', '\r\n        ', '微信分享', '\r\n        ', '\r\n        ', '\r\n    ']"
https://jobs.51job.com/beijing-dcq/109937853.html?s=01&t=0,大客户销售顾问（无责底薪8000）,北京贝瑞文化创意有限公司,1-2万/月,北京-东城区,2年经验,大专,民营公司,50-150人,奢侈品/收藏品/工艺品/珠宝,东二环银河SOHOB座11层,"['\r\n        岗位职责', '1、\xa0通过各种渠道和方式开发新客户、维护和分析客情及重点大客户跟进；', '2、\xa0根据客户需求提供礼品推荐方案及报价，解决客户异议，签订合作协议；', '3、\xa0与客户保持良好及时的沟通，进行拜访、接洽，提供专业的咨询与销售服务；', '4、\xa0协调好采购部、设计部、配送部保证服务质量及合同执行效果，按时收回应收帐款。', '任职要求：', '1、\xa0年龄22-30岁，大专以上学历，形象气质佳，具有亲和力；', '2、\xa0吃苦耐劳，沟通能力强，有责任感，勇于挑战高薪待遇；', '3、\xa0期望从事销售工作，并具备良好的学习能力，抗压能力强；', '4、\xa0良好的人际关系处理能力和销售技巧，注重团队合作；', '5、 诚信、积极、专注、踏实、稳定，愿意与公司一同成长。', '福利待遇：', '1、\xa0底薪8000\xa0+\xa030%业绩提成\xa0+\xa0绩效\xa0+\xa0年终奖励', '2、\xa0周末双休\xa0+\xa0法定节假日休息\xa0+\xa0带薪年假\xa0+\xa0国外旅游机会', '3、\xa0完善的培训体系\xa0+\xa0公正的晋升体系\xa0+\xa0丰富的福利补贴', '4、\xa0晋升空间：\xa0礼品顾问――高级礼品顾问――销售经理――高级销售经理', ' ', '贝瑞有趣而包容的年轻化团队，特别适合90后小伙伴快速融入；', '公司正处于扩张时期，有着充足的晋升空间和广阔的发展前景，所以你懂滴~', '欢迎每一个有梦想有能力者加入我们！让我们共同创造价值！', '\r\n                ', '\r\n                                        ', '职能类别：', '客户经理/主管', '客户代表', '\r\n                                ', '\r\n        ', '微信分享', '\r\n        ', '\r\n        ', '\r\n    ']"
https://jobs.51job.com/beijing-dcq/109890740.html?s=01&t=0,区域销售经理（无责底薪7000元）,北京贝瑞文化创意有限公司,1-2万/月,北京-东城区,2年经验,大专,民营公司,50-150人,奢侈品/收藏品/工艺品/珠宝,东二环银河SOHOB座11层,"['\r\n        ', '1、\xa0通过各种渠道和方式开发新客户、维护和分析客情及重点大客户跟进；', '2、\xa0根据客户需求提供礼品推荐方案及报价，解决客户异议，签订合作协议；', '3、\xa0与客户保持良好及时的沟通，进行拜访、接洽，提供专业的咨询与销售服务；', '4、\xa0协调好采购部、设计部、配送部保证服务质量及合同执行效果，按时收回应收帐款。', '\xa0', '任职要求：', '1、\xa0年龄22-35岁，大专以上学历，形象气质佳，具有亲和力；', '2、\xa0吃苦耐劳，沟通能力强，有责任感，勇于挑战高薪待遇；', '3、\xa0期望从事销售工作，并具备良好的学习能力，抗压能力强；', '4、\xa0良好的人际关系处理能力和销售技巧，注重团队合作；', '5、 诚信、积极、专注、踏实、稳定，愿意与公司一同成长。', '\xa0', '福利待遇：', '1、\xa0底薪7000\xa0+\xa030%业绩提成\xa0+\xa0绩效\xa0+\xa0年终奖励', '2、\xa0周末双休\xa0+\xa0法定节假日休息\xa0+\xa0带薪年假\xa0+\xa0国外旅游机会', '3、\xa0完善的培训体系\xa0+\xa0公正的晋升体系\xa0+\xa0丰富的福利补贴', '4、\xa0晋升空间：\xa0礼品顾问――高级礼品顾问――销售经理――高级销售经理', '\xa0', '贝瑞有趣而包容的年轻化团队，特别适合90后小伙伴快速融入；', '公司正处于扩张时期，有着充足的晋升空间和广阔的发展前景，所以你懂滴~', '欢迎每一个有梦想有能力者加入我们！让我们共同创造价值！', '\r\n                ', '\r\n                                        ', '职能类别：', '区域销售经理', '团购业务员', '\r\n                                ', '\r\n        ', '微信分享', '\r\n        ', '\r\n        ', '\r\n    ']"
https://jobs.51job.com/beijing-dcq/109890358.html?s=01&t=0,销售经理（年薪30-50万）,北京贝瑞文化创意有限公司,1.5-2.5万/月,北京-东城区,2年经验,大专,民营公司,50-150人,奢侈品/收藏品/工艺品/珠宝,东二环银河SOHOB座11层,"['\r\n        ', '岗位职责', '1、 通过各种渠道和方式开发新客户、维护和分析客情及重点大客户跟进；', '2、 根据客户需求提供礼品推荐方案及报价，解决客户异议，签订合作协议；', '3、 与客户保持良好及时的沟通，进行拜访、接洽，提供专业的咨询与销售服务；', '4、 协调好采购部、设计部、配送部保证服务质量及合同执行效果，按时收回应收帐款。', '\xa0', '任职要求：', '1、 年龄22-35岁，大专以上学历，形象气质佳，具有亲和力；', '2、 吃苦耐劳，沟通能力强，有责任感，勇于挑战高薪待遇；', '3、 期望从事销售工作，并具备良好的学习能力，抗压能力强；', '4、 良好的人际关系处理能力和销售技巧，注重团队合作；', '5、 诚信、积极、专注、踏实、稳定，愿意与公司一同成长。', '\xa0', '福利待遇：', '1、\xa030%业绩提成 + 绩效 + 年终奖励', '2、 周末双休 + 法定节假日休息 + 带薪年假 + 国外旅游机会', '3、 完善的培训体系 + 公正的晋升体系 + 丰富的福利补贴', '4、 晋升空间： 礼品顾问――高级礼品顾问――销售经理――高级销售经理', '\xa0', '贝瑞有趣而包容的年轻化团队，特别适合90后小伙伴快速融入；', '公司正处于扩张时期，有着充足的晋升空间和广阔的发展前景，所以你懂滴~', '欢迎每一个有梦想有能力者加入我们！让我们共同创造价值！', '\r\n                ', '\r\n                                        ', '职能类别：', '销售经理', '销售主管', '\r\n                                ', '\r\n        ', '微信分享', '\r\n        ', '\r\n        ', '\r\n    ']"
https://jobs.51job.com/beijing-dcq/109889751.html?s=01&t=0,大客户销售经理（无责底薪8000元）,北京贝瑞文化创意有限公司,1-2万/月,北京-东城区,1年经验,大专,民营公司,50-150人,奢侈品/收藏品/工艺品/珠宝,东二环银河SOHOB座11层,"['\r\n        ', '岗位职责：', '1、\xa0通过各种渠道和方式开发新客户、维护和分析客情及重点大客户跟进；', '2、\xa0根据客户需求提供礼品推荐方案及报价，解决客户异议，签订合作协议；', '3、\xa0与客户保持良好及时的沟通，进行拜访、接洽，提供专业的咨询与销售服务；', '4、\xa0协调好采购部、设计部、配送部保证服务质量及合同执行效果，按时收回应收帐款。', '\xa0', '任职要求：', '1、\xa0年龄22-32岁，大专以上学历，形象气质佳，具有亲和力；', '2、\xa0吃苦耐劳，沟通能力强，有责任感，勇于挑战高薪待遇；', '3、\xa0期望从事销售工作，并具备良好的学习能力，抗压能力强；', '4、\xa0良好的人际关系处理能力和销售技巧，注重团队合作；', '5、 诚信、积极、专注、踏实、稳定，愿意与公司一同成长。', '\xa0', '福利待遇：', '1、\xa0底薪8000\xa0+\xa030%业绩提成\xa0+\xa0绩效\xa0+\xa0年终奖励', '2、\xa0周末双休\xa0+\xa0法定节假日休息\xa0+\xa0带薪年假\xa0+\xa0国外旅游机会', '3、\xa0完善的培训体系\xa0+\xa0公正的晋升体系\xa0+\xa0丰富的福利补贴', '4、\xa0晋升空间：\xa0礼品顾问――高级礼品顾问――销售经理――高级销售经理', '\xa0', '贝瑞有趣而包容的年轻化团队，特别适合90后小伙伴快速融入；', '公司正处于扩张时期，有着充足的晋升空间和广阔的发展前景，所以你懂滴~', '欢迎每一个有梦想有能力者加入我们！让我们共同创造价值！', '\r\n                ', '\r\n                                        ', '职能类别：', '大客户管理', '大客户销售', '\r\n                                ', '\r\n        ', '微信分享', '\r\n        ', '\r\n        ', '\r\n    ']"
https://jobs.51job.com/beijing-dcq/109889163.html?s=01&t=0,销售代表（无责底薪8000元）,北京贝瑞文化创意有限公司,1-1.5万/月,北京-东城区,2年经验,大专,民营公司,50-150人,奢侈品/收藏品/工艺品/珠宝,东二环银河SOHOB座11层,"['\r\n        ', '1、负责礼品销售：各类商务会议礼品、庆典礼品、员工福利礼品、积分兑换礼品、办公用品、等；', '2、开发新客户：如银行、保险金融公司、上市公司、各大院校、事业单位、政府机关等；', '3、制定客户拜访计划，定期拜访客户，与客户进行商务谈判；', '4、为客户提供产品方案推荐及报价，参与投标项目、集采项目等。', '\xa0', '任职要求：', '1、 年龄22-30岁，形象气质佳，具有亲和力；', '2、 吃苦耐劳，沟通能力强，有责任感，勇于挑战高薪待遇；', '3、 期望从事销售工作，并具备良好的学习能力，抗压能力强。', '\xa0', '我们为你提供：', '优渥的收入保障：超同行业30%以上的薪资待遇', '稳定的工作时间：周末双休、国家法定节假日、带薪年假', '丰富多样的福利：免费午餐、社保、免费体检、国外旅游机会', '各类补贴奖金：司龄津贴、生日礼金、结婚礼金、生育礼金、抚恤金、年底双薪', '老带新团队模式：一对一专业指导，让你最快融入团队', '带薪培训制度：全面掌握销售技能技巧，最快进入工作模式', '\xa0', '\xa0', '\r\n                ', '\r\n                                        ', '职能类别：', '销售代表', '\r\n                                        ', '关键字：', '大客户销售', '销售顾问', '\r\n                    ', '\r\n        ', '微信分享', '\r\n        ', '\r\n        ', '\r\n    ']"
https://jobs.51job.com/beijing-ftq/116493975.html?s=01&t=0,电商店长,北京金如文化创意有限公司,1-1.5万/月,北京-丰台区,无工作经验,本科,民营公司,150-500人,奢侈品/收藏品/工艺品/珠宝,汉威国际广场三区4号楼10M层,"['\r\n        ', '岗位职责：', '1、根据公司规划制定合理的电子商务运营方案，完成公司电商部的产品销售任务；', '2、负责线上销售价格管控和维护；', '3、公司品牌网站和网络商城等平台日常维护和更新；', '4、负责电子商务网站的品牌推广和营销策划，包括网络推广、行业媒体合作、专业市场推广等方案实施；', '5、负责电子商务部的流程设计、实施与优化，承担电子商务服务团队的建设与管理职能；', '6、网站营销数据分析，包括客户需求分析、使用习惯分析、推广效果评估等。', '7、具有丰富的直通车、钻展、淘客等工作经验。', '任职要求：', '1、本科及以上学历， 5年以上电商平台运营经验,2年部门管理经验；', '2、做过快消品行业电商，零售批发电商行业者优先；', '3、有一定数据分析、活动策划能力，以用户为中心，重视客户体验。', '\r\n                ', '\r\n                                        ', '职能类别：', '其他', '\r\n                                ', '\r\n        ', '微信分享', '\r\n        ', '\r\n        ', '\r\n    ']"
https://jobs.51job.com/beijing-ftq/113758594.html?s=01&t=0,电商客服,北京金如文化创意有限公司,6-8千/月,北京-丰台区,1年经验,大专,民营公司,150-500人,奢侈品/收藏品/工艺品/珠宝,汉威国际广场三区4号楼10M层,"['\r\n        ', '岗位职责:', '1、电商平台日常销售工作，为顾客导购，问题解答；负责解答客户咨询,促使买卖的成交；', '2、售前支持：产品介绍，引导说服客户达成交易；', '3、售后服务：客户反馈问题处理，投诉处理等；', '4、负责公司客户服务渠道反馈、后期跟进处理。', '任职要求:', '1、大专及以上学历，专业不限;', '2、思维灵活，逻辑性强，沟通能力良好，团队合作精神及独立完成工作任务的能力；', '3、工作认真负责，注意细节，条理性好，目标感强，完成制定的计划；', '4、打字速度快，掌握基本的office办公软件，能够运用自如;', '5、有电商客服工作经验者优先。', '\r\n                ', '\r\n                                        ', '职能类别：', '网店/淘宝客服', '\r\n                                ', '\r\n        ', '微信分享', '\r\n        ', '\r\n        ', '\r\n    ']"
https://jobs.51job.com/beijing-dxq/89319414.html?s=01&t=0,高级文案,北京盛世笔特国际文化创意有限公司,6-8千/月,北京-大兴区,无工作经验,大专,民营公司,150-500人,建筑/建材/工程,经海二路28号院,"['\r\n        ', '1.师范专业或汉语言文学专业优先；', '2.文笔流畅，有优异的创意点子，思维活跃，知识面广，性格开朗；', '3.具有软文写作能力、采编能力和较强的文案撰写能力；', '4.主要编撰解说词，项目前言、简介，公司文案等；', '\r\n                ', '\r\n                                        ', '职能类别：', '室内设计', '\r\n                                ', '\r\n        ', '微信分享', '\r\n        ', '\r\n        ', '\r\n    ']"
https://jobs.51job.com/beijing-dxq/99309731.html?s=01&t=0,工程项目经理,北京盛世笔特国际文化创意有限公司,0.8-1万/月,北京-大兴区,3-4年经验,大专,民营公司,150-500人,建筑/建材/工程,经海二路28号院,"['\r\n        ', '具有三年以上装饰装修工程项目管理工作经验，其中有展览展示行业项目管理者优先.', '1、大专及以上学历；', '2、工程管理、土木工程等相关专业；', '3、具有二级建造师或以上资格证书；\xa0', '4、熟悉施工图纸、工装工程施工工艺及验收标准，及项目管理过程中的各项流程。', '5、责任心强，有较强的组织协调及语言沟通能力，具备团队协作精神能够适应项目出差；', '1、负责工程的全面管理工作，控制成本及把控施工进度及成本，确保工程按时保质保量顺利完成；', '2、负责协助管理工地施工人员队伍，维护公司良好对外形象；', '3、\xa0与甲方、监理及相关管理部门等进行良好的沟通与配合，确保为客户提供满意的服务；', '4、配合其他部门做好项目相关工作；', '5、认真完成领导交办的各项工作。', '\r\n                ', '\r\n                                        ', '职能类别：', '建筑工程管理/项目经理', '建筑安装施工员', '\r\n                                ', '\r\n        ', '微信分享', '\r\n        ', '\r\n        ', '\r\n    ']"
https://jobs.51job.com/beijing-dxq/95830383.html?s=01&t=0,高级策划总监,北京盛世笔特国际文化创意有限公司,1.5-2万/月,北京-大兴区,3-4年经验,招1人,民营公司,150-500人,建筑/建材/工程,经海二路28号院,"['\r\n        ', '1、全面负责项目策划与项目运营；', '2、根据公司发展要求和战略意图，建立本部门工作流程和规范；', '3、能够协助市场营销部参与项目与政府沟通、商务谈判等过程，准确了解甲', '方要求，单独或指导下属顺利完成项目的策划方案制作；', '\r\n                ', '\r\n                                        ', '职能类别：', '展览/展示/店面设计', '\r\n                                        ', '关键字：', '策划总监', '\r\n                    ', '\r\n        ', '微信分享', '\r\n        ', '\r\n        ', '\r\n    ']"
https://jobs.51job.com/beijing-ftq/117039214.html?s=01&t=0,新媒体营销总监/高级经理,北京金如文化创意有限公司,2-2.5万/月,北京-丰台区,5-7年经验,本科,民营公司,150-500人,奢侈品/收藏品/工艺品/珠宝,汉威国际广场三区4号楼10M层,"['\r\n        ', '职责描述：', '1. 根据公司战略发展需要，建立市场营销策略与政策，负责市场营销、品牌建设与市场策划等工作；', '2. 负责移动互联网产品相关活动在微博、微信、抖音、小红书等新媒体平台的策划、传播等运营推广；', '3. 结合新媒体特性，制造、传播互联网热点话题、事件；', '4. 负责线上大型合作活动以及定向专题活动的组织策划执行推广；', '5. 推动渠道合作、资源互换合作等各种内容推广，实现良性运营。', '任职要求：', '1. 本科以上学历，市场营销、新闻学、传播学等专业优先，5年以上相关从业经验；', '2. 具有互联网思维，了解品牌，对品牌合作、联名、网络热点等有敏锐的嗅觉；', '3. 熟悉网络营销渠道，有丰富的线上活动策划、推广经验；', '4. 具备优质的行业资源以及媒体、Kol资源等。 ', '\r\n                ', '\r\n                                        ', '职能类别：', '市场/营销/拓展总监', '\r\n                                ', '\r\n        ', '微信分享', '\r\n        ', '\r\n        ', '\r\n    ']"
https://jobs.51job.com/beijing-ftq/116898871.html?s=01&t=0,商务/项目经理,北京金如文化创意有限公司,1.3-2万/月,北京-丰台区,无工作经验,本科,民营公司,150-500人,奢侈品/收藏品/工艺品/珠宝,汉威国际广场三区4号楼10M层,"['\r\n        ', '负责公司各项目规划', ',', '项目搭建工作及对接，负责项目整体评估；', '收集整理项目相关资讯，调研分析用户需求，行业数据分析及解读，统筹项目合作及落地；', '负责公司项目建立并完善商务运营管理体系及商务流程中的风险把控，确保公司利益；', ' ', '负责统筹安排、指导并管理商务运营工作（包括但不限于商务洽谈、商务合同起草，项目全程跟进统筹等）；', ' ', '内部流程管理，确保各项商务运营要求的落实及各部门进度的把控；', ' ', '监控项目的落地执行，反馈异常情况，并根据日常运营的实际情况对合作规则提供补充和修改的建议；', ' ', '解决与合作伙伴之间的商务冲突，保持良好的合作关系；', ' ', '建立标准化流程，实施项目标准化管理。', '                                    ', '    ', '任职要求：', ' ', '有文创、品牌、电商、', 'IP', '行业项目执行经验，熟悉商务项目执行；', ' ', '大学本科及以上学历，市场营销、国际贸易、商务管理类相关专业优先；', ' ', '熟悉贸易运作流程，具备商务谈判、商务礼仪专业技巧及相关知识；', '                ', '\xa0 \xa04.较强的亲和力和表达能力，较好的气质和谈吐，思维敏捷，能够承受较强的工作压力。', '    ', '\r\n                ', '\r\n                                        ', '职能类别：', '商务经理', '\r\n                                ', '\r\n        ', '微信分享', '\r\n        ', '\r\n        ', '\r\n    ']"
https://jobs.51job.com/beijing-ftq/116800811.html?s=01&t=0,文创设计师,北京金如文化创意有限公司,0.8-1.5万/月,北京-丰台区,无工作经验,本科,民营公司,150-500人,奢侈品/收藏品/工艺品/珠宝,汉威国际广场三区4号楼10M层,"['\r\n        ', '岗位职责：', '1、负责品牌/IP\xa0VI系统设计、海报设计、导视设计、包装等相关平面工作；', '2、协助部门其他平面类相关设计工作。', '岗位要求：', '1、美术或平面设计等相关专业院校本科以上学历，3年以上品牌设计经验，熟悉文创/衍生品落地流程，了解IP文创产业，有上市作品更佳。具有手绘插画能力加分，有卡通形象、动漫设计经验加分；有珠宝设计，银邮项目设计经验尤佳；', '2、熟练使用PS,AI,***D等常用二维、三维设计软件，熟练操作MAC系统，熟悉板绘、IPAD绘画加分；', '3、可独立完成标识、海报、活动、包装、物料等创意设计工作；', '4、具备一定的印刷流程/工艺/包装材料等相关知识；', '5、理解能力强，有新颖的设计思想，丰富的想象力，具有良好的审美品味，能够高效独立完成相关工作；', '6、善于沟通，敢于创新，有很好的团队合作精神，工作责任心强。', '\r\n                ', '\r\n                                        ', '职能类别：', '平面设计师', '\r\n                                ', '\r\n        ', '微信分享', '\r\n        ', '\r\n        ', '\r\n    ']"
https://jobs.51job.com/beijing-ftq/119000220.html?s=01&t=0,新媒体营销推广经理/高级经理,北京金如文化创意有限公司,2-3万/月,北京-丰台区,5-7年经验,本科,民营公司,150-500人,奢侈品/收藏品/工艺品/珠宝,汉威国际广场三区4号楼10M层,"['\r\n        ', '职责描述：', '1. 根据公司战略发展需要，建立市场营销策略与政策，负责市场营销、品牌建设与市场策划等工作；', '2. 负责移动互联网产品相关活动在微博、微信、抖音、小红书等新媒体平台的策划、传播等运营推广；', '3. 结合新媒体特性，制造、传播互联网热点话题、事件；', '4. 负责线上大型合作活动以及定向专题活动的组织策划执行推广；', '5. 推动渠道合作、资源互换合作等各种内容推广，实现良性运营。', '任职要求：', '1. 本科以上学历，市场营销、新闻学、传播学等专业优先，5年以上相关从业经验；', '2. 具有互联网思维，了解品牌，对品牌合作、联名、网络热点等有敏锐的嗅觉；', '3. 熟悉网络营销渠道，有丰富的线上活动策划、推广经验；', '4. 具备优质的行业资源以及媒体、Kol资源等。', '\r\n                ', '\r\n                                        ', '职能类别：', '新媒体运营', '\r\n                                ', '\r\n        ', '微信分享', '\r\n        ', '\r\n        ', '\r\n    ']"
https://jobs.51job.com/beijing-ftq/119000156.html?s=01&t=0,社群运营经理/高级经理,北京金如文化创意有限公司,1-2万/月,北京-丰台区,5-7年经验,大专,民营公司,150-500人,奢侈品/收藏品/工艺品/珠宝,汉威国际广场三区4号楼10M层,"['\r\n        ', '岗位职责：', '1、负责公司社群运营工作，对接环球捕手、人人优品、云集、贝店、未来集市等平台，对用户进行组织和管理，提升用户付费转化率，留存、复购等运营指标；', '2、维护意向客户社群，进行组织策划，整合内外部优质内容和营销资源，对意向客户进行价值输出和促进报名转化；', '3、主动开拓目标客户社群，通过社群运营手段进行宣传、引流和裂变；', '4、挖掘用户需求，探索满足用户的运营机制，产出优质内容，打造高粘性，高参与度的社群，提高社群影响力；', '5、对社群用户行为和数据进行分析，输出有效的运营方案；', '6、根据公司目标及要求梳理社群业务架构，做好社群拉新、内容产出、用户留存等各环节工作；', '7、通过确定人设、粉丝培训管理及用户分层，为社群内容产出、用户增长和社群营收等指标负责；', '8、通过产品分析产品价值，分析用户行为等。', '任职要求：', '1、有社群平台运营，环球补手、云集或贝店等平台工作经验者优先考虑；', '2、熟悉\xa0社群各种玩法，熟悉社群运营工具，有优秀案例者优先考虑；', '3、熟悉社群拉新―留存―裂变―转化模式，有线上线下策划经验，善于制造话题和社区活动；', '4、\xa0懂得数据统计与分析；', '5、懂得如何运营规模化的社群，既有经验完成社群从0到1，也能完成从1到100；', '6、有商业敏感度，沟通协调能力强，擅长人际关系处理。', '\r\n                ', '\r\n                                        ', '职能类别：', '新媒体运营', '\r\n                                ', '\r\n        ', '微信分享', '\r\n        ', '\r\n        ', '\r\n    ']"
https://jobs.51job.com/beijing-cyq/115333739.html?s=01&t=0,渠道销售经理,北京小鸡磕技文化创意有限公司,0.8-1.2万/月,北京-朝阳区,2年经验,大专,民营公司,50-150人,影视/媒体/艺术/文化传播,北京市朝阳区高碑店乡-北京东亿国际传媒产业园C2楼3层,"['\r\n        ', '岗位职责：', '1、根据公司战略指导和部门计划，规划公司年度自有IP的授权业务的发展计划，达成与工艺品类以及其他品类的一线品牌的跨界授权合作；', '\xa0\xa02、制定和完善授权业务制度与流程，规范和管理对外授权合作规则；', '3、制定落地IP to B推广方案，合作达成后的落实、监督及反馈总结；', '4、与品牌部建立良好的互通关系，对接品牌部引入的B端客户；', '5、承担销售部的个人销售额，制定个人销售计划和落实方案；', '4、领导安排的其他工作。', '\xa0', '岗位要求：', '\xa01、专科及以上学历，市场营销、市场公关、电子商务、设计等相关专业；', '\xa02、两年以上IP授权、商务洽谈相关工作经验，具有较强的管理能力、渠道对接能力、执行能力；', '\xa03、具备良好的市场渠道资源：工艺品、轻奢/奢侈品、中高端礼品、家具等跨行业商务资源；', '\xa04、热情朝气的性格、善于交际和谈判、形象亲和有礼，自带气场、魅力；', '\xa0\xa0 5、综合、抗压，全国市场开拓，会伴随出差加班', '6、融合个人发展和公司岗位发展，具备主动自发能动性。 ', '办公环境：', '1、上班时间：9:30-12：00 ，13：00-18:30，20分钟的弹性时间。  ', '2、双休；', '3、法定节假日；', '4、满一年，带薪年假7天；', '5、餐补300元/月；', '6、五险一金；', '7、每年一次专项体检福利；', '8、年终奖；', '9、节日礼品；', '                                                                                                        ', '10、与您为伍的轻松、自由、艺术、欢乐的可米伙伴。', '\r\n                ', '\r\n                                        ', '职能类别：', '工艺品/珠宝设计鉴定', '渠道/分销专员', '\r\n                                        ', '关键字：', '工艺品渠道', '\r\n                    ', '\r\n        ', '微信分享', '\r\n        ', '\r\n        ', '\r\n    ']"
https://jobs.51job.com/beijing-cyq/116057039.html?s=01&t=0,门店经理,北京小鸡磕技文化创意有限公司,1.2-2.5万/月,北京-朝阳区,无工作经验,招1人,民营公司,50-150人,影视/媒体/艺术/文化传播,北京市朝阳区高碑店乡-北京东亿国际传媒产业园C2楼3层,"['\r\n        ', '区域店长岗位职责', '1、选址、开店：月均开店2家；', '2、开店现场协调：寻找工人、工厂合作，现场搭；', '3、店铺开业：现场摆场，店员招聘、培训；', '4、店铺管理：', 'a.人员管理：人员销售技能培训、人员素质培训、人员激励培训、考勤管理等;', 'b.店铺货物管理：货架整理系统、数据管理系统;', 'c.店运营管理：薪酬管理、绩效管理、店铺运营方式.', '5、具备解决紧急、突发情况能力。', '岗位要求', '1、区域店长经验3年以上，店长5年以上；', '2、具备运营、开店、培训、管理等相关店面经验；', '3、熟悉店铺每个岗位的工作职责，可文（管理体系）可武（销售高手），', '4、大专以上学历，营销学/艺术/管理专业优先；', '5、行业为工艺品/艺术品/轻奢品的店经理优先；', '6、该岗位需要出差，需要有较好的身体素质。', '\r\n                ', '\r\n                                        ', '职能类别：', '卖场经理/店长', '店长/经理', '\r\n                                        ', '关键字：', '店经理', '\r\n                    ', '\r\n        ', '微信分享', '\r\n        ', '\r\n        ', '\r\n    ']"
https://jobs.51job.com/beijing-cyq/115622044.html?s=01&t=0,营运总监,北京小鸡磕技文化创意有限公司,1.5-3万/月,北京-朝阳区,无工作经验,招若干人,民营公司,50-150人,影视/媒体/艺术/文化传播,北京市朝阳区高碑店乡-北京东亿国际传媒产业园C2楼3层,"['\r\n        ', '职位描述：', '1、根据公司战略要求对全国零售运营管理体系和培训体系的建设、优化、提升全国零售业务水平及品牌影响力；制定全国各地区店铺零售运营不同标准（包括买场、陈列、道具、日常运营）。搭建零售培训需求体系，通过专业培训、现场指导、巡店交流、不断提高各大区人员在业务技能、知识、以及相关工作标准执行上的水平。与培训组讨论地区零售人员的培训计划及制定，课题设计与实施、确保地区零售运营人员及店铺人员综合工作素质得到不断提高。', '2、定期组织全国零售人员进行提升各项能力的培训、策划品牌落地方案；确保全国各大地区零售运营管理模式与公司战略发展要求相符合；', '3、确保全国各地区零售问题的及时发现，整合货品、陈列、培训等资源，帮助地区制定行动方案快速解决问题，并采取措施杜绝相同问题的反复发生；', '4、对全国各地区进行零售KPI目标制定，及时追踪及分析地区各项零售KPI结果，协助监管及预警，帮助各地区所辖品牌达成销售计划和指标；', '5、协助全国各地区所辖品牌项目的进行，（人、货、场）统一标准及项目进行后的结果追踪。', '6、根据市场状况及时调整经营策略和运营计划，尝试与创新新的零售运营模式，设计适合公司需求的零售运营模式，并落实推广，沉淀总结运营实践案例，形成可复制推广的运营模式。', '任职要求：', ' 1、本科及以上学历，10年以上零售或时尚、工艺行业工作经验，至少3年以上零售业运营经理或总监相关工作经验；', ' 2、熟悉零售、时尚、工艺行业的业务模式和运营体系，特别是对零售终端、商品运营及活动促销推广；', ' 3、对市场变化及商业模式具有前瞻性，发现问题及解决问题能力强；', ' 4、具有良好的销售运营能力，组织管理、人员培养、成本控制能力，及一定规模的团队管理能力；', ' 5、较强的沟通能力和撰写能力；', ' 6、接受全国性出差。', '薪资：底薪+提成+餐补+社保+其他福利', '1.上班9:30-12:00  13:00-6:30；', '2.年底奖金；', '3.年假7天；', '4.年终奖；', '5.社保；', '6.每年安排公司体检一次；', '\r\n                ', '\r\n                                        ', '职能类别：', '区域销售经理', '市场/营销/拓展总监', '\r\n                                        ', '关键字：', '店面营运', '\r\n                    ', '\r\n        ', '微信分享', '\r\n        ', '\r\n        ', '\r\n    ']"
https://jobs.51job.com/beijing-ftq/117296489.html?s=01&t=0,电商运营(京东）,北京金如文化创意有限公司,1-2万/月,北京-丰台区,3-4年经验,本科,民营公司,150-500人,奢侈品/收藏品/工艺品/珠宝,汉威国际广场三区4号楼10M层,"['\r\n        ', '\xa0', '1.\xa0负责京东自营店铺产品运营工作，为自营店铺活跃度负责，通过有效的运营手段达成自营商家后台店铺活跃度等运营指标；', '2.\xa0负责京东自营店铺后台产品系统的规划设计，包括但不限于自营店铺开店流程优化、自营店铺账号体系设计、自营店铺运营管理功能体系搭建等；', '3.\xa0对数据敏感，通过数据分析和商家调研挖掘自营店铺相关需求，输出BRD，推动产品落地；', '4.\xa0对接京东商城各事业部，统筹自营店铺相关需求，评估需求合理性与优先级，协同产研推进重点项目落地。', ' ', '任职要求：', '1.\xa0本科及以上学历，4年及以上产品运营相关工作经验，具有商家平台产品运营成功经验优先；', '2.\xa0熟悉京东自营业务模式，熟悉自营采销、供应商工作流程，有自营采销、自营产品运营相关工作经验优先；', '3.\xa0善于思考，有较强的逻辑思维、资源整合能力、沟通能力和团队协同能力；', '4.\xa0抗压能力强，能快速学习，并适应快节奏工作，有较强的自驱力。', '\r\n                ', '\r\n                                        ', '职能类别：', '网站运营经理/主管', '\r\n                                ', '\r\n        ', '微信分享', '\r\n        ', '\r\n        ', '\r\n    ']"
https://jobs.51job.com/beijing-ftq/117751540.html?s=01&t=0,包装设计师,北京金如文化创意有限公司,0.8-1.6万/月,北京-丰台区,3-4年经验,本科,民营公司,150-500人,奢侈品/收藏品/工艺品/珠宝,汉威国际广场三区4号楼10M层,"['\r\n        ', '岗位职责：', '1、负责公司产品相关辅料设计，如线上宣传物料等设计工作；', '2、根据公司产品定位，负责收藏品、礼品、珠宝礼盒及化妆品包装的设计工作；', '3、负责产品包装，外观设计与制作沟通；', '4、包装设计打样确认跟踪至签样完成，包括包装材料、包装工艺的改进；', '5、利用自身的行业背景和知识，在设计和制作上有效的控制成本。', '任职要求：', '善于产品包装及结构设计，有成功案例作品', '1、绘画、艺术设计、平面设计等相关专业，本科及以上学历；', '2、熟练操作各种设计软件（CorelDraw、Photoshop、AI、C4D），工作讲究效率与品质，对视频剪辑熟练者更佳；', '3、熟悉包装设计，了解印刷工艺，有插画相关工作经验。', '4、优秀的审美能力，独特的设计创意，对产品页面有色彩、主题、构图、细节，有成熟理解；', '5、2年以上相关工作经验，工作认真负责，能吃苦耐劳；', '6、具备高度的工作热情和事业心及良好的团队合作精神。', '\r\n                ', '\r\n                                        ', '职能类别：', '包装设计', '\r\n                                ', '\r\n        ', '微信分享', '\r\n        ', '\r\n        ', '\r\n    ']"
https://jobs.51job.com/beijing-ftq/117751579.html?s=01&t=0,产品设计师,北京金如文化创意有限公司,0.8-1.6万/月,北京-丰台区,3-4年经验,本科,民营公司,150-500人,奢侈品/收藏品/工艺品/珠宝,汉威国际广场三区4号楼10M层,"['\r\n        ', '岗位职责:', '1、 产品设计师研发内容：文创产品、珠宝首饰、3C产品、家居、日化彩妆、玩具类等；', '2、 设计理念活跃，灵感丰富，能较敏锐的洞察吸收新的设计语言，对造型、色彩、工艺、表面处理有充分的感知和把握能力；', '3、 对产品结构、材料、工艺、表面处理有丰富的经验和敏锐的感受，并在此基础上能结合传统文化及设计流行趋势，做到突破和创新；', '4、 有独立产品的研发和设计能力，不限于产品外观及结构设计能力等；', '5、 对产品设计需求具有解读分析能力，不断优化产品，提升产品设计品质；', '6、 与供应商沟通协调生产工艺，注意产品的成本控制及产品质量，配合供应链完成产品落地生产；', '7、 了解文化创意产业发展趋势，对流行趋势及国潮设计理念有一定概念；', '8、 跟踪管控项目进度至产品生产。', '任职资格：', '1、 工业设计专业或相关专业毕业，统招本科优先考虑；', '2、 有造型设计经验，有坚实的产品造型设计基础及产品表达能力（草图、效果图、模型等），有以往设计作品；', '3、 熟练并精通使用Rhino或Solid works或Pro-E相关的任何一款3D软件及渲染软件；精通PS、AI等相关2D软件;', '4、 有良好的创意能力，对视觉设计、色彩有敏锐的观察力及分析能力；', '5、 具有一定的抗压能力，优秀的沟通能力、语言表达能力和团队合作精神。', '\r\n                ', '\r\n                                        ', '职能类别：', '工业/产品设计', '\r\n                                ', '\r\n        ', '微信分享', '\r\n        ', '\r\n        ', '\r\n    ']"
https://jobs.51job.com/beijing-hdq/108640051.html?s=01&t=0,摄影师,北京神舟航天文化创意传媒有限责任公司,10-15万/年,北京-海淀区,2年经验,本科,国企,150-500人,影视/媒体/艺术/文化传播,友谊路104号48号楼8层 （航天城科研综合楼三区8层）,"['\r\n        ', '1、  按照公司的统一调度安排，随时做好拍摄的准备工作；认真执行并圆满完成每日公司下达的拍摄任务。     ', '2、  对当日的拍摄内容及时记录，素材及时整理，按照规定及时向客户提供。负责搞好本型号的归档工作。', '3、  熟练掌握各种不同类型照相机的使用，并定期进行照相机的维护保养，会使用各种附件，使设备处于良好的状态，杜绝人为事故。', '4、  了解所拍摄卫星型号的基本知识，善于抓住卫星生产的一些有特点、较关键的研制试验镜头；拍摄素材完整，画面美观，效果震撼，表现力强。', '5、    可以按照公司任务接受出差安排。', '教育背景：大学本科及以上学历，摄影、摄像相关专业。', '经    验：1年以上相关工作经验。', '专业知识：具备摄影用光、摄影构图相关知识，能够熟练运用各类专业摄影器材，了解航天器研制试验基本流程。', '能力与技能：工作认真负责，待人热情，较强的沟通能力。', '工作地点：北京市海淀区友谊路104号48号楼8层 （航天城科研综合楼三区8层）', '                                                        ', '投递简历时请附带您自己的照片和设计作品，邮件标题请按照“应聘岗位+姓名”的格式发送，谢谢！', '\r\n                ', '\r\n                                        ', '职能类别：', '摄影师/摄像师', '\r\n                                        ', '关键字：', '摄影师', '\r\n                    ', '\r\n        ', '微信分享', '\r\n        ', '\r\n        ', '\r\n    ']"
https://jobs.51job.com/beijing-ftq/118527680.html?s=01&t=0,项目执行专员,北京金如文化创意有限公司,0.6-1万/月,北京-丰台区,无工作经验,大专,民营公司,150-500人,奢侈品/收藏品/工艺品/珠宝,汉威国际广场三区4号楼10M层,"['\r\n        ', '岗位职责：', '1、 协助负责人对公司各类项目合同及其他文件资料的管理起草，发布相关函件、报告、通知文件等综合性文件；', '2、 负责收集、整理、归档信息资料，为部门业务人员、领导决策提供参考；', '3、 合作项目的全程跟踪并及时反馈；', '4、 与公司各部门沟通协调，以获得跨部门的支持和合作；', '5、 完成上级临时交办的其他任务。', '任职要求：', '1、 本科及以上学历，3年以上工作经验；', '2、 熟练使用office（word\\ppt\\excel）等办公软件；', '3、 具有良好的语言表达能力和良好的跨部门组织协调能力；', '4、 具备团队合作精神、良好的抗压性和时间管理意识；', '5、 能够服从上级安排，并严格按照公司流程完成工作；', '6、 形象好、气质佳优先考虑。', '\r\n                ', '\r\n                                        ', '职能类别：', '项目执行/协调人员', '\r\n                                ', '\r\n        ', '微信分享', '\r\n        ', '\r\n        ', '\r\n    ']"
https://jobs.51job.com/beijing-ftq/118473399.html?s=01&t=0,商务助理,北京金如文化创意有限公司,0.5-1万/月,北京-丰台区,无工作经验,本科,民营公司,150-500人,奢侈品/收藏品/工艺品/珠宝,汉威国际广场三区4号楼10M层,"['\r\n        ', '岗位职责：', '1、\xa0\xa0协助负责人对公司各类项目合同及其他文件资料的管理起草，发布相关函件、报告、通知文件等综合性文件；', '2、\xa0\xa0负责收集、整理、归档信息资料，为部门业务人员、领导决策提供参考；', '3、\xa0\xa0合作项目的全程跟踪并及时反馈；', '4、\xa0\xa0与公司各部门沟通协调，以获得跨部门的支持和合作；', '5、\xa0\xa0完成上级临时交办的其他任务。', '任职要求：', '1、\xa0\xa0本科及以上学历，3年以上工作经验；', '2、\xa0\xa0熟练使用office（word\\ppt\\excel）等办公软件；', '3、\xa0\xa0具有良好的语言表达能力和良好的跨部门组织协调能力；', '4、\xa0\xa0具备团队合作精神、良好的抗压性和时间管理意识；', '5、\xa0\xa0能够服从上级安排，并严格按照公司流程完成工作；', '6、\xa0\xa0形象好、气质佳优先考虑。', '\r\n                ', '\r\n                                        ', '职能类别：', '商务助理', '\r\n                                ', '\r\n        ', '微信分享', '\r\n        ', '\r\n        ', '\r\n    ']"
https://jobs.51job.com/beijing-hdq/110908423.html?s=01&t=0,项目经理,水木意象（北京）文化创意有限公司,30-40万/年,北京-海淀区,3-4年经验,本科,民营公司,少于50人,学术/科研,东升大厦C座332,"['\r\n        ', '工作职责：', '1、在项目负责人的指导下承担和完成城市品牌战略咨询、文化产业等项目的部分工作；', '2、负责与客户方进行有效沟通，准确掌握客户的需求；', '3、负责咨询项目的调研资料收集、整理、分析，起草项目调研分析报告；', '4、文案撰写、方案落地、执行等系列工作；', '5、完成上级交办的其他工作。', '应聘要求：', '1、统招经管类本科、硕士毕业或MBA ，国内重点院校广告媒体、新闻传播类本科、硕士及以上学历。', '2、三年以上文化创意企业或其他相关企业中高层管理经验，或一年以上品牌文化咨询、文化产业规划咨询经验；', '3、熟悉品牌咨询项目运作或文化产业规划项目运作全过程，对文化产业、品牌传播、大型活动策划、文案编辑、管理咨询等相关领域有深刻理解与良好悟性者优先；', '4、有较高的理论水平、逻辑思维能力强，分析问题理性、深刻，见解独到；工作效率高，有较强的文字功底和培训能力，能独立完成调研报告、解决方案的撰写和策划；', '5、综合素质高，有较强的自信心、进取心、责任心及良好的职业形象，具备较强客户沟通能力；', '6、优秀的计划、分析、归纳和不断学习的能力；', '7、热爱文化创意、文化咨询和品牌咨询行业，富有全局观和工作激情，善于学习和团队合作，热爱学习，具有钻研精神；', '8、愿意与团队长期共同成长。', '\r\n                ', '\r\n                                        ', '职能类别：', '市场/营销/拓展经理', '咨询经理', '\r\n                                        ', '关键字：', '文案', '撰写', '咨询', '品牌', '管理', '文化传播', '\r\n                    ', '\r\n        ', '微信分享', '\r\n        ', '\r\n        ', '\r\n    ']"
https://jobs.51job.com/beijing-hdq/109069224.html?s=01&t=0,项目经理,水木意象（北京）文化创意有限公司,1-1.2万/月,北京-海淀区,3-4年经验,本科,民营公司,少于50人,学术/科研,东升大厦C座332,"['\r\n        ', '工作职责：', '1、在项目负责人的指导下承担和完成城市品牌战略咨询、文化产业等项目的部分工作；', '2、负责与客户方进行有效沟通，准确掌握客户的需求；', '3、负责咨询项目的调研资料收集、整理、分析，起草项目调研分析报告；', '4、文案撰写、方案落地、执行等系列工作；', '5、完成上级交办的其他工作。', '应聘要求：', '1、统招经管类本科、硕士毕业或MBA ，国内重点院校广告媒体、新闻传播类本科、硕士及以上学历。', '2、三年以上文化创意企业或其他相关企业中高层管理经验，或一年以上品牌文化咨询、文化产业规划咨询经验；', '3、熟悉品牌咨询项目运作或文化产业规划项目运作全过程，对文化产业、品牌传播、大型活动策划、文案编辑、管理咨询等相关领域有深刻理解与良好悟性者优先；', '4、有较高的理论水平、逻辑思维能力强，分析问题理性、深刻，见解独到；工作效率高，有较强的文字功底和培训能力，能独立完成调研报告、解决方案的撰写和策划；', '5、综合素质高，有较强的自信心、进取心、责任心及良好的职业形象，具备较强客户沟通能力；', '6、优秀的计划、分析、归纳和不断学习的能力；', '7、热爱文化创意、文化咨询和品牌咨询行业，富有全局观和工作激情，善于学习和团队合作，热爱学习，具有钻研精神；', '8、愿意与团队长期共同成长。', '\r\n                ', '\r\n                                        ', '职能类别：', '公关/媒介助理', '市场/营销/拓展经理', '\r\n                                        ', '关键字：', '管理', '文化传播', '文案', '撰写', '咨询', '品牌', '\r\n                    ', '\r\n        ', '微信分享', '\r\n        ', '\r\n        ', '\r\n    ']"
https://jobs.51job.com/beijing-hdq/108386551.html?s=01&t=0,项目助理,水木意象（北京）文化创意有限公司,6-8千/月,北京-海淀区,3-4年经验,本科,民营公司,少于50人,学术/科研,东升大厦C座332,"['\r\n        ', '工作职责：', '1、在项目负责人的指导下承担和完成城市品牌战略咨询、文化产业等项目的部分工作；', '2、负责与客户方进行有效沟通，准确掌握客户的需求；', '3、负责咨询项目的调研资料收集、整理、分析，起草项目调研分析报告；', '4、文案撰写、方案落地、执行等系列工作；', '5、完成上级交办的其他工作。', '应聘要求：', '1、统招经管类本科、硕士毕业或MBA ，国内重点院校广告媒体、新闻传播类本科、硕士及以上学历。', '2、三年以上文化创意企业或其他相关企业中高层管理经验，或一年以上品牌文化咨询、文化产业规划咨询经验；', '3、熟悉品牌咨询项目运作或文化产业规划项目运作全过程，对文化产业、品牌传播、大型活动策划、文案编辑、管理咨询等相关领域有深刻理解与良好悟性者优先；', '4、有较高的理论水平、逻辑思维能力强，分析问题理性、深刻，见解独到；工作效率高，有较强的文字功底和培训能力，能独立完成调研报告、解决方案的撰写和策划；', '5、综合素质高，有较强的自信心、进取心、责任心及良好的职业形象，具备较强客户沟通能力；', '6、优秀的计划、分析、归纳和不断学习的能力；', '7、热爱文化创意、文化咨询和品牌咨询行业，富有全局观和工作激情，善于学习和团队合作，热爱学习，具有钻研精神；', '8、愿意与团队长期共同成长。', '\r\n                ', '\r\n                                        ', '职能类别：', '市场分析/调研人员', '文案/策划', '\r\n                                        ', '关键字：', '文化传播', '文案', '撰写', '咨询', '品牌', '\r\n                    ', '\r\n        ', '微信分享', '\r\n        ', '\r\n        ', '\r\n    ']"
https://jobs.51job.com/beijing-cyq/117332542.html?s=01&t=0,配车1w全北京生鲜超市配送员,成都万亿达企业管理咨询有限公司,0.6-1.2万/月,北京-朝阳区,无工作经验,招若干人,民营公司,50-150人,专业服务(咨询、人力资源、财会),东三环中路20号双井乐成,"['\r\n        ', '【工作内容】', '通过手机APP系统排队接单，按照定单信息点对点配送，3公里以内配送，方便快捷.', '【工作时间】', '早上7:00---19:00  / 9:00---21:00 做六休一（可自愿排休）', '【薪资待遇】', '1、跑单：5.5-7元/单，平均每天50-80单，综薪10-13k。', '2、超单奖励：满800单奖励1200元，满1000奖励1600元，满1200奖励1900元，满1500奖励2300元。大于1500单，前三名奖励300/200/100。', '3、免费提供电瓶车（两块60v店瓶，店内免费充电）。', '4、公司可就近提供住宿（600元/月，水电均摊）', '（工资每月20号准时打卡，招商银行卡。）', '【配送物资】', '小件食品如：牛奶面包瓜果蔬菜酒水烟草饮料餐巾纸外卖海鲜零食进口食品等生活用品。', '【面试及工作地址】就近分配', '1、十里堡店：北京市朝阳区十里堡新城市广场   ', '2、懋隆店：北京市朝阳区懋隆文化创意产业园  ', '3、潞宛店：通州区潞苑四街203号', '4、常营店：朝阳区连心园小区11号楼', '5、新华西街站：通州区新华西街15-6（懋隆店实习）', '6、新华北路站： 通州区新华北路117号通惠1933传艺院33栋101号（懋隆店实习）', '7、九棵树站：通州区九棵树东路436号嘉城文化产业创意园A1-101及102（懋隆店实习）', '8、通朝大街站：通州区通朝大街184号（懋隆店实习）', '9、双井店：朝阳区东三环中路20号双井乐成', '10、国贸店：朝阳区光华路5号院世纪财富中心', '11、十里河店：朝阳区十八里店乡周家庄8号（居然靓屋灯饰软装城）', '12、小营店：海淀区悦茂购物中心1层', '13、金源店：海淀区蓝靛厂金源时代购物中心B区2号B座2层', '14、枣园店：居然之家大兴店，近枣园地铁站', '15、马家堡：丰台区马家堡新荟城', '16、八角店：居然之家（八角店）', '17、大成店：翠微百货（大成店）', '18、东直门胡家园：东城区胡家园21号楼21-5', '19、酒仙桥店：朝阳区酒仙桥南路5号院创E+社区1层', '20、立水桥店：昌平区立水桥明珠百货B1层', '21、顾家庄：朝阳区来广营西路55号（居然之家）', '22、光熙门店：光熙家园(北京市朝阳区北三环东路辅路)', '23、黄寺大街：朝阳区黄寺大街人定湖北巷11号', ' …….全北京50家门店就近分配', '【工作要求】', '1、年龄18---38岁，男女不限，有配送、物流快递行业经验优先，餐饮与食品行业健康证。', '2、能熟练使用手机APP软件、驾驶电单车，有良好的交通安全意识。', '3、衣着整洁，工作守时，时间观念强，吃苦耐劳，要有较强的抗压能力。', '4、服从管理，有团队精神。', '注意：', '1、公司直招，不收任何费用。', '2、公司就近提供员工宿舍（后勤每天检查安全和卫生）。', '3、配送员是个辛苦的工作，怕苦怕累者，请勿打扰！', '有意者可直接联系 \xa0何*** \xa015701586127（同微信）', '\r\n                ', '\r\n                                        ', '职能类别：', '快递员', '送餐员', '\r\n                                        ', '关键字：', '生鲜超市', '全国连锁', '做六休一', '配车', '可住宿', '就近分配', '意外险', '\r\n                    ', '\r\n        ', '微信分享', '\r\n        ', '\r\n        ', '\r\n    ']"
https://jobs.51job.com/beijing-cyq/66107885.html?s=01&t=0,销售代表--底薪4000+提成+饭补,北京亿美软通科技有限公司,6-8千/月,北京-朝阳区,无工作经验,大专,上市公司,150-500人,通信/电信运营、增值服务,北京市朝阳区通惠河畔文化创意产业园1131号君天大厦六层(100023),"['\r\n        ', '岗位职责：', '1、根据公司指导自主寻求有意向客户，开发需要使用企业短信的企业；', '2、通过电话或网络工具或上门拜访、与客户进行有效沟通了解客户需求寻找并完成销售业绩；', '3、定期与合作客户进行沟通，建立良好的长期合作关系', '4、按照合同约定落实客户回款。', '5、深入了解互联网，尤其是微信特点及资源，有效运用相关资源。', '任职要求：', '1、正规高等教育学历，不限专业，不限工作年限，但要求对移动互联网领域有足够的认同和投入的热情；', '2、善于学习、思维条理清晰、思路开阔、知识面广；', '3、勇于挑战自己，独立承担责任，承压力强；', '4、良好的人际沟通和协调能力。', '【薪资】：每月晋升底薪：4000--9000 元 + 每月高提成  ', '工作时间： 周一至周五 9:00-12:00    13:00-17:30  周末双休 节假日休', ' ', '福利待遇：', '1、试用期就按国家规定为员工购买五险一金；', '2、完善的职业发展规划，提供职业生涯培训；', '3、每逢传统节日派发礼金或节日礼品；生日礼品、礼金；', '4、带薪假期：按国家有关规定享有婚假、丧假、分娩假、年休假等有薪假期；', '5、公司不定期开展团队活动、团体聚餐等，丰富业余生活；', '工作地址', '北京市朝阳区通惠河畔文化创意产业园1131号君天大厦六层(100023)', '\r\n                ', '\r\n                                        ', '职能类别：', '销售代表', '电话销售', '\r\n                                        ', '关键字：', '五险一金', '提供班车', '补充医疗保险', '定期体检', '员工旅游', '\r\n                    ', '\r\n        ', '微信分享', '\r\n        ', '\r\n        ', '\r\n    ']"
https://jobs.51job.com/beijing-tzq/117152016.html?s=01&t=0,HM站点诚聘配送员提供车,北京凯达伟业科技有限公司,0.8-1万/月,北京-通州区,无工作经验,初中及以下,民营公司,50-150人,计算机软件,北京市通州区通朝大街184号,"['\r\n        ', '【配送物资】', '小件食品如：牛奶面包瓜果蔬菜酒水烟草饮料餐巾纸外卖海鲜零食进口食品等生活用品', '1、配送员根据门店订单，对接至员工手机端，根据客户地址送到客户手中', '2、在规定时效内准确完成商品配送；', '3、标准着装，规范用语，热情服务，用心面对客户；', '4、配送物品：超市商品；', '5、配送范围：超市直径3公里范围内。', '二、应聘要求：', '1、18~40，须提供健康证', '2、熟练驾驶电动车，有良好的交通安全意识，电动车公司可以提供；', '3、能熟练使用智能手机，会使用手机导航功能，快速熟悉配送区域路线；', '4、身体健康，吃苦耐劳，个人形象清洁卫生不邋遢，具备较强的抗压能力；', '5、基本技能和素质、工作守时、有时间观念、微笑服务顾客，遇到顾客抱怨，应仔细倾听，给予答复。受过外卖相关的知识培训及工作经验者优先。', ' 上班时间：7：00-19：00，9：00-21：00。', '福利待遇：底薪4500   上6休1，免费保险，带薪培训，配置车辆', '面试地址；', '新华街站    ', '北京是通州区新华西街15-6', '潞宛站      ', '北京市通州区潞宛四街203号一层', '新华北路站  ', '北京市通州区新华北路117号通惠1933传艺院33栋101号', '九棵树站    ', '北京市通州区九棵树东路436号嘉城文化产业创意园A1-101及102', '通朝大街站  ', '                          ', '北京市通州区通朝大街184号', '前期实习地址；懋隆文化创意产业园', '联系人；朱***1718218756', '\r\n                ', '\r\n                                        ', '职能类别：', '送餐员', '\r\n                                        ', '关键字：', '送餐员快递员', '\r\n                    ', '\r\n        ', '微信分享', '\r\n        ', '\r\n        ', '\r\n    ']"
https://jobs.51job.com/beijing-ftq/115707010.html?s=01&t=0,8k直聘超市配送员提供车辆,北京凯达伟业科技有限公司,6-8千/月,北京-丰台区,无工作经验,招若干人,民营公司,50-150人,计算机软件,大成路8号翠微百货,"['\r\n        ', '【配送物资】', '小件食品如：牛奶面包瓜果蔬菜酒水烟草饮料餐巾纸外卖海鲜零食进口食品等生活用品', '1、配送员根据门店订单，对接至员工手机端，根据客户地址送到客户手中', '2、在规定时效内准确完成商品配送；', '3、标准着装，规范用语，热情服务，用心面对客户；', '4、配送物品：超市商品；', '5、配送范围：超市直径3公里范围内。', '二、应聘要求：', '1、18~40，须提供健康证', '2、熟练驾驶电动车，有良好的交通安全意识，电动车公司可以提供；', '3、能熟练使用智能手机，会使用手机导航功能，快速熟悉配送区域路线；', '4、身体健康，吃苦耐劳，个人形象清洁卫生不邋遢，具备较强的抗压能力；', '5、基本技能和素质、工作守时、有时间观念、微笑服务顾客，遇到顾客抱怨，应仔细倾听，给予答复。受过外卖相关的知识培训及工作经验者优先。', '薪资待遇', '5.5元/单；满800单，奖励1200元，满1000单，奖励1600元，满1200单，奖励1900单，满1500单，奖励2300元；月单量≥1500单，前三名奖励300/200/100元；上班时间：7：00-19：00，9：00-21：00。', '福利待遇：上6休1，免费保险，带薪培训，配置车辆', '面试地址：', '《1》顺义店 北京市顺义区仁和镇顺义北路乙22号居然之家6号门', '《2》小营店 北京市海淀区悦茂购物中心1层 ', '《3》顾家庄 北京市朝阳区来广营西路55号', '《4》望京店 北京市朝阳区大山子桥万科店', '《5》西二旗店 北京市昌平区龙域中心B座', '《6》金泰店 北京房山长政南街金泰广场（金泰广场）', '《7》大角店 良乡大角生活广场 ', '《8》丽泽店 居然之家北京市丰台区西三环南路', '《9》红莲店 北京市西城区京铁和园A区', '《10》西直门 （西直门店）阳光大厦', '《11》枣园店 北京市居然之家大兴店，近枣园地铁站', '《12》百荣店 北京市东城区百荣世贸商城', '《13》大成店 北京市丰台区大成路8号翠微百货', '《14》十里堡 北京市朝阳区十里堡新城市广场', '《15》双井店 北京市朝阳区东三环中路20号双井乐成', '《16》马家堡 北京市丰台区马家堡新荟城', '《 17 》金源店 蓝靛厂金源时代购物中心B区2号B座2层', '《18》懋隆店 懋隆文化创意产业园', '《19》马家堡 北京市丰台区马家堡新荟城', '《20》崇文门店 北京市东城区东打磨厂街7号宝鼎中心', '《21》国贸店 北京市朝阳区光华路5号院世纪财富中心', '吕经理 18911443260', '\r\n                ', '\r\n                                        ', '职能类别：', '送餐员', '\r\n                                        ', '关键字：', '超市', '配送员', '快递员', '送餐员', '外卖', '\r\n                    ', '\r\n        ', '微信分享', '\r\n        ', '\r\n        ', '\r\n    ']"
https://jobs.51job.com/beijing-cyq/115667657.html?s=01&t=0,送餐员 配送员 骑手提供电瓶车,北京凯达伟业科技有限公司,0.8-1万/月,北京-朝阳区,无工作经验,初中及以下,民营公司,50-150人,计算机软件,北京市朝阳区光华路5号院世纪财富中心,"['\r\n        ', '【配送物资】', '小件食品如：牛奶面包瓜果蔬菜酒水烟草饮料餐巾纸外卖海鲜零食进口食品等生活用品', '1、配送员根据门店订单，对接至员工手机端，根据客户地址送到客户手中', '2、在规定时效内准确完成商品配送；', '3、标准着装，规范用语，热情服务，用心面对客户；', '4、配送物品：超市商品；', '5、配送范围：超市直径3公里范围内。', '二、应聘要求：', '1、18~40，须提供健康证', '2、熟练驾驶电动车，有良好的交通安全意识，电动车公司可以提供；', '3、能熟练使用智能手机，会使用手机导航功能，快速熟悉配送区域路线；', '4、身体健康，吃苦耐劳，个人形象清洁卫生不邋遢，具备较强的抗压能力；', '5、基本技能和素质、工作守时、有时间观念、微笑服务顾客，遇到顾客抱怨，应仔细倾听，给予答复。受过外卖相关的知识培训及工作经验者优先。', '薪资待遇', '5.5元/单；满800单，奖励1200元，满1000单，奖励1600元，满1200单，奖励1900单，满1500单，奖励2300元；月单量≥1500单，前三名奖励300/200/100元；上班时间：7：00-19：00，9：00-21：00。', '福利待遇：上6休1，免费保险，带薪培训，配置车辆', '面试地址：', '《1》顺义店 北京市顺义区仁和镇顺义北路乙22号居然之家6号门', '《2》小营店 北京市海淀区悦茂购物中心1层 ', '《3》顾家庄 北京市朝阳区来广营西路55号', '《4》望京店 北京市朝阳区大山子桥万科店', '《5》西二旗店 北京市昌平区龙域中心B座', '《6》金泰店 北京房山长政南街金泰广场（金泰广场）', '《7》大角店 良乡大角生活广场 ', '《8》丽泽店 居然之家北京市丰台区西三环南路', '《9》红莲店 北京市西城区京铁和园A区', '《10》西直门 （西直门店）阳光大厦', '《11》枣园店 北京市居然之家大兴店，近枣园地铁站', '《12》百荣店 北京市东城区百荣世贸商城', '《13》大成店 北京市丰台区大成路8号翠微百货', '《14》十里堡 北京市朝阳区十里堡新城市广场', '《15》双井店 北京市朝阳区东三环中路20号双井乐成', '《16》马家堡 北京市丰台区马家堡新荟城', '《 17 》金源店 蓝靛厂金源时代购物中心B区2号B座2层', '《18》懋隆店    懋隆文化创意产业园', '《19》马家堡  北京市丰台区马家堡新荟城', '《20》崇文门店 北京市东城区东打磨厂街7号宝鼎中心', '                                     ', '《21》国贸店 北京市朝阳区光华路5号院世纪财富中心', '联系人 朱***13718218756', '\r\n                ', '\r\n                                        ', '职能类别：', '送餐员', '\r\n                                        ', '关键字：', '配送员', '外卖', '送餐员', '\r\n                    ', '\r\n        ', '微信分享', '\r\n        ', '\r\n        ', '\r\n    ']"
https://jobs.51job.com/beijing-ftq/115667653.html?s=01&t=0,超市8K诚聘配送员提供车,北京凯达伟业科技有限公司,0.8-1万/月,北京-丰台区,无工作经验,初中及以下,民营公司,50-150人,计算机软件,北京市丰台区马家堡新荟城,"['\r\n        ', '【配送物资】', '小件食品如：牛奶面包瓜果蔬菜酒水烟草饮料餐巾纸外卖海鲜零食进口食品等生活用品', '1、配送员根据门店订单，对接至员工手机端，根据客户地址送到客户手中', '2、在规定时效内准确完成商品配送；', '3、标准着装，规范用语，热情服务，用心面对客户；', '4、配送物品：超市商品；', '5、配送范围：超市直径3公里范围内。', '二、应聘要求：', '1、18~40，须提供健康证', '2、熟练驾驶电动车，有良好的交通安全意识，电动车公司可以提供；', '3、能熟练使用智能手机，会使用手机导航功能，快速熟悉配送区域路线；', '4、身体健康，吃苦耐劳，个人形象清洁卫生不邋遢，具备较强的抗压能力；', '5、基本技能和素质、工作守时、有时间观念、微笑服务顾客，遇到顾客抱怨，应仔细倾听，给予答复。受过外卖相关的知识培训及工作经验者优先。', '薪资待遇', '5.5元/单；满800单，奖励1200元，满1000单，奖励1600元，满1200单，奖励1900单，满1500单，奖励2300元；月单量≥1500单，前三名奖励300/200/100元；上班时间：7：00-19：00，9：00-21：00。', '福利待遇：上6休1，免费保险，带薪培训，配置车辆', '面试地址：', '《1》顺义店 北京市顺义区仁和镇顺义北路乙22号居然之家6号门', '《2》小营店 北京市海淀区悦茂购物中心1层 ', '《3》顾家庄 北京市朝阳区来广营西路55号', '《4》望京店 北京市朝阳区大山子桥万科店', '《5》西二旗店 北京市昌平区龙域中心B座', '《6》金泰店 北京房山长政南街金泰广场（金泰广场）', '《7》大角店 良乡大角生活广场 ', '《8》丽泽店 居然之家北京市丰台区西三环南路', '《9》红莲店 北京市西城区京铁和园A区', '《10》西直门 （西直门店）阳光大厦', '《11》枣园店 北京市居然之家大兴店，近枣园地铁站', '《12》百荣店 北京市东城区百荣世贸商城', '《13》大成店 北京市丰台区大成路8号翠微百货', '《14》十里堡 北京市朝阳区十里堡新城市广场', '《15》双井店 北京市朝阳区东三环中路20号双井乐成', '《16》马家堡 北京市丰台区马家堡新荟城', '《 17 》金源店 蓝靛厂金源时代购物中心B区2号B座2层', '《18》懋隆店    懋隆文化创意产业园', '《19》马家堡  北京市丰台区马家堡新荟城', '《20》崇文门店 北京市东城区东打磨厂街7号宝鼎中心', '                                     ', '《21》国贸店 北京市朝阳区光华路5号院世纪财富中心', '联系人；朱*** 13718218756', '\r\n                ', '\r\n                                        ', '职能类别：', '送餐员', '\r\n                                        ', '关键字：', '送餐员', '配送员', '外卖', '\r\n                    ', '\r\n        ', '微信分享', '\r\n        ', '\r\n        ', '\r\n    ']"
https://jobs.51job.com/beijing-cyq/117350017.html?s=01&t=0,配送员配车北京就近分配,北京凯达伟业科技有限公司,0.8-1万/月,北京-朝阳区,无工作经验,初中及以下,民营公司,50-150人,计算机软件,北京市朝阳区光华路5号院世纪财富中心,"['\r\n        ', '【配送物资】', '小件食品如：牛奶面包瓜果蔬菜酒水烟草饮料餐巾纸外卖海鲜零食进口食品等生活用品', '1、配送员根据门店订单，对接至员工手机端，根据客户地址送到客户手中', '2、在规定时效内准确完成商品配送；', '3、标准着装，规范用语，热情服务，用心面对客户；', '4、配送物品：超市商品；', '5、配送范围：超市直径3公里范围内。', '二、应聘要求：', '1、18~40，须提供健康证', '2、熟练驾驶电动车，有良好的交通安全意识，电动车公司可以提供；', '3、能熟练使用智能手机，会使用手机导航功能，快速熟悉配送区域路线；', '4、身体健康，吃苦耐劳，个人形象清洁卫生不邋遢，具备较强的抗压能力；', '5、基本技能和素质、工作守时、有时间观念、微笑服务顾客，遇到顾客抱怨，应仔细倾听，给予答复。受过外卖相关的知识培训及工作经验者优先。', '薪资待遇', '5.5元/单；满800单，奖励1200元，满1000单，奖励1600元，满1200单，奖励1900单，满1500单，奖励2300元；月单量≥1500单，前三名奖励300/200/100元；上班时间：7：00-19：00，9：00-21：00。', '福利待遇：上6休1，免费保险，带薪培训，配置车辆', '面试地址：', '《1》顺义店 北京市顺义区仁和镇顺义北路乙22号居然之家6号门', '《2》小营店 北京市海淀区悦茂购物中心1层 ', '《3》顾家庄 北京市朝阳区来广营西路55号', '《4》望京店 北京市朝阳区大山子桥万科店', '《5》西二旗店 北京市昌平区龙域中心B座', '《6》金泰店 北京房山长政南街金泰广场（金泰广场）', '《7》大角店 良乡大角生活广场 ', '《8》丽泽店 居然之家北京市丰台区西三环南路', '《9》红莲店 北京市西城区京铁和园A区', '《10》西直门 （西直门店）阳光大厦', '《11》枣园店 北京市居然之家大兴店，近枣园地铁站', '《12》百荣店 北京市东城区百荣世贸商城', '《13》大成店 北京市丰台区大成路8号翠微百货', '《14》十里堡 北京市朝阳区十里堡新城市广场', '《15》双井店 北京市朝阳区东三环中路20号双井乐成', '《16》马家堡 北京市丰台区马家堡新荟城', '《 17 》金源店 蓝靛厂金源时代购物中心B区2号B座2层', '《18》懋隆店    懋隆文化创意产业园', '《19》马家堡  北京市丰台区马家堡新荟城', '《20》崇文门店 北京市东城区东打磨厂街7号宝鼎中心', '《21》国贸店 北京市朝阳区光华路5号院世纪财富中心', '                                      ', '联系人；王***18515186689', '\r\n                ', '\r\n                                        ', '职能类别：', '送餐员', '快递员', '\r\n                                        ', '关键字：', '送餐员', '快递员', '物流', '外卖', '\r\n                    ', '\r\n        ', '微信分享', '\r\n        ', '\r\n        ', '\r\n    ']"
https://jobs.51job.com/beijing-tzq/117152078.html?s=01&t=0,HM站点诚聘配送员提供车,北京凯达伟业科技有限公司,6-8千/月,北京-通州区,无工作经验,初中及以下,民营公司,50-150人,计算机软件,北京市通州区九棵树东路436号嘉城文化产业创意园A1-101及102,"['\r\n        ', '【配送物资】', '小件食品如：牛奶面包瓜果蔬菜酒水烟草饮料餐巾纸外卖海鲜零食进口食品等生活用品', '1、配送员根据门店订单，对接至员工手机端，根据客户地址送到客户手中', '2、在规定时效内准确完成商品配送；', '3、标准着装，规范用语，热情服务，用心面对客户；', '4、配送物品：超市商品；', '5、配送范围：超市直径3公里范围内。', '二、应聘要求：', '1、18~40，须提供健康证', '2、熟练驾驶电动车，有良好的交通安全意识，电动车公司可以提供；', '3、能熟练使用智能手机，会使用手机导航功能，快速熟悉配送区域路线；', '4、身体健康，吃苦耐劳，个人形象清洁卫生不邋遢，具备较强的抗压能力；', '5、基本技能和素质、工作守时、有时间观念、微笑服务顾客，遇到顾客抱怨，应仔细倾听，给予答复。受过外卖相关的知识培训及工作经验者优先。', ' 上班时间：7：00-19：00，9：00-21：00。', '福利待遇：底薪4500   上6休1，免费保险，带薪培训，配置车辆', '面试地址；', '新华街站    ', '北京是通州区新华西街15-6', '潞宛站      ', '北京市通州区潞宛四街203号一层', '新华北路站  ', '北京市通州区新华北路117号通惠1933传艺院33栋101号', '九棵树站    ', '北京市通州区九棵树东路436号嘉城文化产业创意园A1-101及102', '通朝大街站  ', '                          ', '北京市通州区通朝大街184号', '前期实习地址；懋隆文化创意产业园', '联系人；朱***13718218756', '\r\n                ', '\r\n                                        ', '职能类别：', '送餐员', '快递员', '\r\n                                        ', '关键字：', '送餐员快递员', '\r\n                    ', '\r\n        ', '微信分享', '\r\n        ', '\r\n        ', '\r\n    ']"
https://jobs.51job.com/beijing-cyq/114799055.html?s=01&t=0,八千直聘配送员可预知工资,北京凯达伟业科技有限公司,0.8-1万/月,北京-朝阳区,无工作经验,招30人,民营公司,50-150人,计算机软件,北京市朝阳区光华路5号院世纪财富中心,"['\r\n        ', ' 【配送物资】', '\xa0', '小件食品如：牛奶面包瓜果蔬菜酒水烟草饮料餐巾纸外卖海鲜零食进口食品等生活用品', '\xa0', '1、配送员根据门店订单，对接至员工手机端，根据客户地址送到客户手中', '\xa0', '2、在规定时效内准确完成商品配送；', '\xa0', '3、标准着装，规范用语，热情服务，用心面对客户；', '\xa0', '4、配送物品：超市商品；', '\xa0', '5、配送范围：超市直径3公里范围内。', '\xa0', '二、应聘要求：', '\xa0', '1、18~40，须提供健康证', '\xa0', '2、熟练驾驶电动车，有良好的交通安全意识，电动车公司可以提供；', '\xa0', '3、能熟练使用智能手机，会使用手机导航功能，快速熟悉配送区域路线；', '\xa0', '4、身体健康，吃苦耐劳，个人形象清洁卫生不邋遢，具备较强的抗压能力；', '\xa0', '5、基本技能和素质、工作守时、有时间观念、微笑服务顾客，遇到顾客抱怨，应仔细倾听，给予答复。受过外卖相关的知识培训及工作经验者优先。', '\xa0', '薪资待遇', '\xa0', '5.5元/单；满800单，奖励1200元，满1000单，奖励1600元，满1200单，奖励1900单，满1500单，奖励2300元；月单量≥1500单，前三名奖励300/200/100元；上班时间：7：00-19：00，9：00-21：00。', '\xa0', '福利待遇：上6休1，免费保险，带薪培训，配置车辆', '\xa0', '面试地址：', '\xa0', '《1》顺义店 北京市顺义区仁和镇顺义北路乙22号居然之家6号门', '\xa0', '《2》小营店 北京市海淀区悦茂购物中心1层 ', '\xa0', '《3》顾家庄 北京市朝阳区来广营西路55号', '\xa0', '《4》望京店 北京市朝阳区大山子桥万科店', '\xa0', '《5》西二旗店 北京市昌平区龙域中心B座', '\xa0', '《6》金泰店 北京房山长政南街金泰广场（金泰广场）', '\xa0', '《7》大角店 良乡大角生活广场 ', '\xa0', '《8》丽泽店 居然之家北京市丰台区西三环南路', '\xa0', '《9》红莲店 北京市西城区京铁和园A区', '\xa0', '《10》西直门 （西直门店）阳光大厦', '\xa0', '《11》枣园店 北京市居然之家大兴店，近枣园地铁站', '\xa0', '《12》百荣店 北京市东城区百荣世贸商城', '\xa0', '《13》大成店 北京市丰台区大成路8号翠微百货', '\xa0', '《14》十里堡 北京市朝阳区十里堡新城市广场', '\xa0', '《15》双井店 北京市朝阳区东三环中路20号双井乐成', '\xa0', '《16》马家堡 北京市丰台区马家堡新荟城', '\xa0', '《 17 》金源店 蓝靛厂金源时代购物中心B区2号B座2层', '\xa0', '《18》懋隆店    懋隆文化创意产业园', '\xa0', '《19》马家堡  北京市丰台区马家堡新荟城', '\xa0', '《20》崇文门店 北京市东城区东打磨厂街7号宝鼎中心', '\xa0', '《21》国贸店 北京市朝阳区光华路5号院世纪财富中心', '联系人；朱***13718218756', '\r\n                ', '\r\n                                        ', '职能类别：', '送餐员', '\r\n                                        ', '关键字：', '送餐员', '配送', '外卖', '\r\n                    ', '\r\n        ', '微信分享', '\r\n        ', '\r\n        ', '\r\n    ']"
https://jobs.51job.com/beijing-ftq/114733411.html?s=01&t=0,大型超市诚聘理货员分拣员,北京凯达伟业科技有限公司,6-8千/月,北京-丰台区,无工作经验,招若干人,民营公司,50-150人,计算机软件,大成路8号翠微百货,"['\r\n        ', '内仓理货员分拣员：', '1、负责商品陈列、价签管理、效期登记等工作', '2、负责货架和责任区卫生，做好货架商品补充工作；', '3、熟记产品知识，做好商品推荐和销售引导；', '・ 薪资详情', '底薪2300元/月+1600元/月（绩效工资），每天15元饭补，早班7:00--16:00，晚班12:00--21:00，每日工作时间8--9小时，做六休一，，年龄35岁以下，', '拣货薪资：拣货0.21元/件，打包0.49元/单，一体化0.97元；上六休一，18-30岁。3分钟内完成拣货任务，多劳多得。', '理货薪资：底薪2300+绩效1600+15/天饭补', '上班时间：早班6:00--15:00，晚班2:00--22:00。', '福利待遇：上6休1，免费保险，带薪培训，免费工服', '岗位要求：20-35岁，上岗持健康证、', '面试地址：', '《1》顺义店 北京市顺义区仁和镇顺义北路乙22号居然之家6号门', '《2》小营店 北京市海淀区悦茂购物中心1层\xa0', '《3》顾家庄 北京市朝阳区来广营西路55号', '《4》望京店 北京市朝阳区大山子桥万科店', '《5》西二旗店 北京市昌平区龙域中心B座', '《6》金泰店 北京房山长政南街金泰广场（金泰广场）', '《7》大角店 良乡大角生活广场\xa0', '《8》丽泽店 居然之家北京市丰台区西三环南路', '《9》红莲店 北京市西城区京铁和园A区', '《10》西直门 （西直门店）阳光大厦', '《11》枣园店 北京市居然之家大兴店，近枣园地铁站', '《12》百荣店 北京市东城区百荣世贸商城', '《13》大成店 北京市丰台区大成路8号翠微百货', '《14》十里堡 北京市朝阳区十里堡新城市广场', '《15》双井店 北京市朝阳区东三环中路20号双井乐成', '《16》马家堡 北京市丰台区马家堡新荟城', '《 17 》金源店 蓝靛厂金源时代购物中心B区2号B座2层', '《18》懋隆店\xa0 \xa0 懋隆文化创意产业园', '《19》马家堡\xa0 北京市丰台区马家堡新荟城', '《20》崇文门店 北京市东城区东打磨厂街7号宝鼎中心', '《21》国贸店 北京市朝阳区光华路5号院世纪财富中心\xa0', '孙经理：18310955615', '\r\n                ', '\r\n                                        ', '职能类别：', '理货员', '陈列员', '\r\n                                        ', '关键字：', '理货员', '分拣员', '店员', '超市内仓', '\r\n                    ', '\r\n        ', '微信分享', '\r\n        ', '\r\n        ', '\r\n    ']"
https://jobs.51job.com/beijing-ftq/114732881.html?s=01&t=0,/北京各区连锁店招理货员分拣员,北京凯达伟业科技有限公司,6-8千/月,北京-丰台区,无工作经验,初中及以下,民营公司,50-150人,计算机软件,北京市丰台区大成路8号翠微百货,"['\r\n        ', '内仓理货员分拣员：', '1、负责商品陈列、价签管理、效期登记等工作', '2、负责货架和责任区卫生，做好货架商品补充工作；', '3、熟记产品知识，做好商品推荐和销售引导；', '・ 薪资详情', '底薪2300元/月+1600元/月（绩效工资），每天15元饭补，早班7:00--16:00，晚班12:00--21:00，每日工作时间8--9小时，做六休一，，年龄35岁以下，', '拣货薪资：拣货0.21元/件，打包0.49元/单，一体化0.97元；上六休一，18-30岁。3分钟内完成拣货任务，多劳多得。', '理货薪资：底薪2300+绩效1600+15/天饭补', '上班时间：早班6:00--15:00，晚班2:00--22:00。', '福利待遇：上6休1，免费保险，带薪培训，免费工服', '岗位要求：20-35岁，上岗持健康证、', '面试地址：', '《1》顺义店 北京市顺义区仁和镇顺义北路乙22号居然之家6号门', '《2》小营店 北京市海淀区悦茂购物中心1层\xa0', '《3》顾家庄 北京市朝阳区来广营西路55号', '《4》望京店 北京市朝阳区大山子桥万科店', '《5》西二旗店 北京市昌平区龙域中心B座', '《6》金泰店 北京房山长政南街金泰广场（金泰广场）', '《7》大角店 良乡大角生活广场\xa0', '《8》丽泽店 居然之家北京市丰台区西三环南路', '《9》红莲店 北京市西城区京铁和园A区', '《10》西直门 （西直门店）阳光大厦', '《11》枣园店 北京市居然之家大兴店，近枣园地铁站', '《12》百荣店 北京市东城区百荣世贸商城', '《13》大成店 北京市丰台区大成路8号翠微百货', '《14》十里堡 北京市朝阳区十里堡新城市广场', '《15》双井店 北京市朝阳区东三环中路20号双井乐成', '《16》马家堡 北京市丰台区马家堡新荟城', '《 17 》金源店 蓝靛厂金源时代购物中心B区2号B座2层', '《18》懋隆店\xa0 \xa0 懋隆文化创意产业园', '《19》马家堡\xa0 北京市丰台区马家堡新荟城', '《20》崇文门店 北京市东城区东打磨厂街7号宝鼎中心', '                                ', '《21》国贸店 北京市朝阳区光华路5号院世纪财富中心\xa0', '联系人；朱经理13718218756', '\r\n                ', '\r\n                                        ', '职能类别：', '理货员', '\r\n                                        ', '关键字：', '理货员', '分拣员', '\r\n                    ', '\r\n        ', '微信分享', '\r\n        ', '\r\n        ', '\r\n    ']"
https://jobs.51job.com/beijing-cyq/114526086.html?s=01&t=0,.大型超市配送员提供车轻松过万,北京凯达伟业科技有限公司,0.8-1万/月,北京-朝阳区,无工作经验,初中及以下,民营公司,50-150人,计算机软件,北京市朝阳区光华路5号院世纪财富中心,"['\r\n        ', '【配送物资】', '\xa0', '小件食品如：牛奶面包瓜果蔬菜酒水烟草饮料餐巾纸外卖海鲜零食进口食品等生活用品', '\xa0', '1、配送员根据门店订单，对接至员工手机端，根据客户地址送到客户手中', '\xa0', '2、在规定时效内准确完成商品配送；', '\xa0', '3、标准着装，规范用语，热情服务，用心面对客户；', '\xa0', '4、配送物品：超市商品；', '\xa0', '5、配送范围：超市直径3公里范围内。', '\xa0', '二、应聘要求：', '\xa0', '1、18~40，须提供健康证', '\xa0', '2、熟练驾驶电动车，有良好的交通安全意识，电动车公司可以提供；', '3、能熟练使用智能手机，会使用手机导航功能，快速熟悉配送区域路线；', '4、身体健康，吃苦耐劳，个人形象清洁卫生不邋遢，具备较强的抗压能力；', '5、基本技能和素质、工作守时、有时间观念、微笑服务顾客，遇到顾客抱怨，应仔细倾听，给予答复。受过外卖相关的知识培训及工作经验者优先。', '薪资待遇', '5.5元/单；满800单，奖励1200元，满1000单，奖励1600元，满1200单，奖励1900单，满1500单，奖励2300元；月单量≥1500单，前三名奖励300/200/100元；上班时间：7：00-19：00，9：00-21：00。', '福利待遇：上6休1，免费保险，带薪培训，配置车辆', '面试地址：', '《1》顺义店 北京市顺义区仁和镇顺义北路乙22号居然之家6号门', '《2》小营店 北京市海淀区悦茂购物中心1层', '《3》顾家庄 北京市朝阳区来广营西路55号', '《4》望京店 北京市朝阳区大山子桥万科店', '《5》西二旗店 北京市昌平区龙域中心B座', '《6》金泰店 北京房山长政南街金泰广场（金泰广场）', '《7》大角店 良乡大角生活广场', '《8》丽泽店 居然之家北京市丰台区西三环南路', '《9》红莲店 北京市西城区京铁和园A区', '《10》西直门 （西直门店）阳光大厦', '《11》枣园店 北京市居然之家大兴店，近枣园地铁站', '《12》百荣店 北京市东城区百荣世贸商城', '《13》大成店 北京市丰台区大成路8号翠微百货', '《14》十里堡 北京市朝阳区十里堡新城市广场', '《15》双井店 北京市朝阳区东三环中路20号双井乐成', '《16》马家堡 北京市丰台区马家堡新荟城', '《 17 》金源店 蓝靛厂金源时代购物中心B区2号B座2层', ' 《18》懋隆店    懋隆文化创意产业园', ' 《19》马家堡  北京市丰台区马家堡新荟城', ' 《20》崇文门店 北京市东城区东打磨厂街7号宝鼎中心', ' 《21》国贸店 北京市朝阳区光华路5号院世纪财富中心', '面直接面试 面试通过签订合同 不收任何费用 可预支生活费', '联系人。朱经理13718218756', '\r\n                ', '\r\n                                        ', '职能类别：', '送餐员', '\r\n                                        ', '关键字：', '送餐', '配送', '外卖', '\r\n                    ', '\r\n        ', '微信分享', '\r\n        ', '\r\n        ', '\r\n    ']"
https://jobs.51job.com/beijing-hdq/114733168.html?s=01&t=0,y北京连锁店招聘理货员分拣员,北京凯达伟业科技有限公司,6-8千/月,北京-海淀区,无工作经验,招20人,民营公司,50-150人,计算机软件,蓝靛厂金源时代购物中心B区2号B座2层,"['\r\n        ', '内仓理货员分拣员：', '1、负责商品陈列、价签管理、效期登记等工作', '2、负责货架和责任区卫生，做好货架商品补充工作；', '3、熟记产品知识，做好商品推荐和销售引导；', '・ 薪资详情', '底薪2300元/月+1600元/月（绩效工资），每天15元饭补，早班7:00--16:00，晚班12:00--21:00，每日工作时间8--9小时，做六休一，，年龄35岁以下，', '拣货薪资：拣货0.21元/件，打包0.49元/单，一体化0.97元；上六休一，18-30岁。3分钟内完成拣货任务，多劳多得。', '理货薪资：底薪2300+绩效1600+15/天饭补', '上班时间：早班6:00--15:00，晚班2:00--22:00。', '福利待遇：上6休1，免费保险，带薪培训，免费工服', '岗位要求：20-35岁，上岗持健康证、', '面试地址：', '《1》顺义店 北京市顺义区仁和镇顺义北路乙22号居然之家6号门', '《2》小营店 北京市海淀区悦茂购物中心1层 ', '《3》顾家庄 北京市朝阳区来广营西路55号', '《4》望京店 北京市朝阳区大山子桥万科店', '《5》西二旗店 北京市昌平区龙域中心B座', '《6》金泰店 北京房山长政南街金泰广场（金泰广场）', '《7》大角店 良乡大角生活广场 ', '《8》丽泽店 居然之家北京市丰台区西三环南路', '《9》红莲店 北京市西城区京铁和园A区', '《10》西直门 （西直门店）阳光大厦', '《11》枣园店 北京市居然之家大兴店，近枣园地铁站', '《12》百荣店 北京市东城区百荣世贸商城', '《13》大成店 北京市丰台区大成路8号翠微百货', '《14》十里堡 北京市朝阳区十里堡新城市广场', '《15》双井店 北京市朝阳区东三环中路20号双井乐成', '《16》马家堡 北京市丰台区马家堡新荟城', '《 17 》金源店 蓝靛厂金源时代购物中心B区2号B座2层', '《18》懋隆店    懋隆文化创意产业园', '《19》马家堡  北京市丰台区马家堡新荟城', '《20》崇文门店 北京市东城区东打磨厂街7号宝鼎中心', '                                ', '《21》国贸店 北京市朝阳区光华路5号院世纪财富中心', '联系人；王***18515186689', '\r\n                ', '\r\n                                        ', '职能类别：', '理货员', '\r\n                                        ', '关键字：', '理货员', '分拣员', '\r\n                    ', '\r\n        ', '微信分享', '\r\n        ', '\r\n        ', '\r\n    ']"
https://jobs.51job.com/beijing-cyq/114525896.html?s=01&t=0,大型超市招配送员轻松月薪过万,北京凯达伟业科技有限公司,0.8-1万/月,北京-朝阳区,无工作经验,初中及以下,民营公司,50-150人,计算机软件,北京市朝阳区大山子桥万科店,"['\r\n        ', '【配送物资】', '小件食品如：牛奶面包瓜果蔬菜酒水烟草饮料餐巾纸外卖海鲜零食进口食品等生活用品', '1、配送员根据门店订单，对接至员工手机端，根据客户地址送到客户手中', '2、在规定时效内准确完成商品配送；', '3、标准着装，规范用语，热情服务，用心面对客户；', '4、配送物品：超市商品；', '5、配送范围：超市直径3公里范围内。', '二、应聘要求：', '1、18~40，须提供健康证', '2、熟练驾驶电动车，有良好的交通安全意识，电动车公司可以提供；', '3、能熟练使用智能手机，会使用手机导航功能，快速熟悉配送区域路线；', '4、身体健康，吃苦耐劳，个人形象清洁卫生不邋遢，具备较强的抗压能力；', '5、基本技能和素质、工作守时、有时间观念、微笑服务顾客，遇到顾客抱怨，应仔细倾听，给予答复。受过外卖相关的知识培训及工作经验者优先。', '薪资待遇', '5.5元/单；满800单，奖励1200元，满1000单，奖励1600元，满1200单，奖励1900单，满1500单，奖励2300元；月单量≥1500单，前三名奖励300/200/100元；上班时间：7：00-19：00，9：00-21：00。', '福利待遇：上6休1，免费保险，带薪培训，配置车辆', '面试地址：', '《1》顺义店 北京市顺义区仁和镇顺义北路乙22号居然之家6号门', '《2》小营店 北京市海淀区悦茂购物中心1层 ', '《3》顾家庄 北京市朝阳区来广营西路55号', '《4》望京店 北京市朝阳区大山子桥万科店', '《5》西二旗店 北京市昌平区龙域中心B座', '《6》金泰店 北京房山长政南街金泰广场（金泰广场）', '《7》大角店 良乡大角生活广场 ', '《8》丽泽店 居然之家北京市丰台区西三环南路', '《9》红莲店 北京市西城区京铁和园A区', '《10》西直门 （西直门店）阳光大厦', '《11》枣园店 北京市居然之家大兴店，近枣园地铁站', '《12》百荣店 北京市东城区百荣世贸商城', '《13》大成店 北京市丰台区大成路8号翠微百货', '《14》十里堡 北京市朝阳区十里堡新城市广场', '《15》双井店 北京市朝阳区东三环中路20号双井乐成', '《16》马家堡 北京市丰台区马家堡新荟城', '《 17 》金源店 蓝靛厂金源时代购物中心B区2号B座2层', '\xa0', ' 《18》懋隆店    懋隆文化创意产业园', ' 《19》马家堡  北京市丰台区马家堡新荟城', ' 《20》崇文门店 北京市东城区东打磨厂街7号宝鼎中心', ' 《21》国贸店 北京市朝阳区光华路5号院世纪财富中心', ' 《22》望京店 北京市朝阳区大山子桥万科店', '                                 ', '面直接面试 面试通过签订合同 不收任何费用 可预支生活费', '联系人 ；朱经理13718218756', '\r\n                ', '\r\n                                        ', '职能类别：', '送餐员', '\r\n                                        ', '关键字：', '送餐员', '配送', '外卖', '\r\n                    ', '\r\n        ', '微信分享', '\r\n        ', '\r\n        ', '\r\n    ']"
https://jobs.51job.com/beijing-cyq/115667645.html?s=01&t=0,配送员提供电瓶车单量充足,北京凯达伟业科技有限公司,0.8-1万/月,北京-朝阳区,无工作经验,初中及以下,民营公司,50-150人,计算机软件,京市朝阳区东三环中路20号双井乐成,"['\r\n        ', '【配送物资】', '小件食品如：牛奶面包瓜果蔬菜酒水烟草饮料餐巾纸外卖海鲜零食进口食品等生活用品', '1、配送员根据门店订单，对接至员工手机端，根据客户地址送到客户手中', '2、在规定时效内准确完成商品配送；', '3、标准着装，规范用语，热情服务，用心面对客户；', '4、配送物品：超市商品；', '5、配送范围：超市直径3公里范围内。', '二、应聘要求：', '1、18~40，须提供健康证', '2、熟练驾驶电动车，有良好的交通安全意识，电动车公司可以提供；', '3、能熟练使用智能手机，会使用手机导航功能，快速熟悉配送区域路线；', '4、身体健康，吃苦耐劳，个人形象清洁卫生不邋遢，具备较强的抗压能力；', '5、基本技能和素质、工作守时、有时间观念、微笑服务顾客，遇到顾客抱怨，应仔细倾听，给予答复。受过外卖相关的知识培训及工作经验者优先。', '薪资待遇', '5.5元/单；满800单，奖励1200元，满1000单，奖励1600元，满1200单，奖励1900单，满1500单，奖励2300元；月单量≥1500单，前三名奖励300/200/100元；上班时间：7：00-19：00，9：00-21：00。', '福利待遇：上6休1，免费保险，带薪培训，配置车辆', '面试地址：', '《1》顺义店 北京市顺义区仁和镇顺义北路乙22号居然之家6号门', '《2》小营店 北京市海淀区悦茂购物中心1层 ', '《3》顾家庄 北京市朝阳区来广营西路55号', '《4》望京店 北京市朝阳区大山子桥万科店', '《5》西二旗店 北京市昌平区龙域中心B座', '《6》金泰店 北京房山长政南街金泰广场（金泰广场）', '《7》大角店 良乡大角生活广场 ', '《8》丽泽店 居然之家北京市丰台区西三环南路', '《9》红莲店 北京市西城区京铁和园A区', '《10》西直门 （西直门店）阳光大厦', '《11》枣园店 北京市居然之家大兴店，近枣园地铁站', '《12》百荣店 北京市东城区百荣世贸商城', '《13》大成店 北京市丰台区大成路8号翠微百货', '《14》十里堡 北京市朝阳区十里堡新城市广场', '《15》双井店 北京市朝阳区东三环中路20号双井乐成', '《16》马家堡 北京市丰台区马家堡新荟城', '《 17 》金源店 蓝靛厂金源时代购物中心B区2号B座2层', '《18》懋隆店    懋隆文化创意产业园', '《19》马家堡  北京市丰台区马家堡新荟城', '《20》崇文门店 北京市东城区东打磨厂街7号宝鼎中心', '                                     ', '《21》国贸店 北京市朝阳区光华路5号院世纪财富中心', '联系人；王***18515186689', '\r\n                ', '\r\n                                        ', '职能类别：', '送餐员', '\r\n                                        ', '关键字：', '送餐员', '配送员', '外卖', '\r\n                    ', '\r\n        ', '微信分享', '\r\n        ', '\r\n        ', '\r\n    ']"
https://jobs.51job.com/beijing-dcq/110445235.html?s=01&t=0,-超市招派送员免费提供电车,北京志锐博创科技有限公司,6-8千/月,北京-东城区,无工作经验,初中及以下,民营公司,50-150人,专业服务(咨询、人力资源、财会),北京市东城区东打磨厂街7号宝鼎中心,"['\r\n        ', '5.5元/单；满800单，奖励1200元，满1000单，奖励1600元，满1200单，奖励1900单，满1500单，奖励2300元；月单量≥1500单，前三名奖励300/200/100元；上班时间：7：00-19：00，9：00-21：00。福利待遇：上6休1，免费保险，带薪培训，配置车辆（每月扣150元），免费工服；要求：年龄20-38周岁，会骑电动车，能使用智能手机 ', '面试地址：', '《1》顺义店 北京市顺义区仁和镇顺义北路乙22号居然之家6号门', '《2》小营店 北京市海淀区悦茂购物中心1层\xa0', '《3》顾家庄 北京市朝阳区来广营西路55号', '《4》望京店 北京市朝阳区大山子桥万科店', '《5》西二旗店 北京市昌平区龙域中心B座', '《6》金泰店 北京房山长政南街金泰广场（金泰广场）', '《7》大角店 良乡大角生活广场\xa0', '《8》丽泽店 居然之家北京市丰台区西三环南路', '《9》红莲店 北京市西城区京铁和园A区', '《10》西直门 （西直门店）阳光大厦', '《11》枣园店 北京市居然之家大兴店，近枣园地铁站', '《12》百荣店 北京市东城区百荣世贸商城', '《13》大成店 北京市丰台区大成路8号翠微百货', '《14》十里堡 北京市朝阳区十里堡新城市广场', '《15》双井店 北京市朝阳区东三环中路20号双井乐成', '《16》马家堡 北京市丰台区马家堡新荟城', '《 17 》金源店 蓝靛厂金源时代购物中心B区2号B座2层', '《18》懋隆店\xa0 \xa0 懋隆文化创意产业园', '《19》马家堡\xa0 北京市丰台区马家堡新荟城', '《20》崇文门店 北京市东城区东打磨厂街7号宝鼎中心', '                    ', '《21》国贸店 北京市朝阳区光华路5号院世纪财富中心', '联系人：朱***13718218756', '\r\n                ', '\r\n                                        ', '职能类别：', '送餐员', '\r\n                                        ', '关键字：', '派送员', '配送员', '送餐员', '普工', '\r\n                    ', '\r\n        ', '微信分享', '\r\n        ', '\r\n        ', '\r\n    ']"
https://jobs.51job.com/beijing-tzq/100494255.html?s=01&t=0,UPS大客户销售经理,华瑞联创（北京）科技有限公司,0.8-2万/月,北京-通州区,3-4年经验,高中,民营公司,50-150人,计算机服务(系统、数据服务、维修),北京市通州区九棵树弘祥1979文化创意产业园A座8218,"['\r\n        ', '岗位职责：', '1.负责公司UPS产品的销售；综合年薪：50-150万；', '2.进行项目及客户的开发与维护；', '3.采用电话及上门拜访，销售产品及提供项目解决方案.', '4.能很快投入新的工作中，开发新客户和维护老客户，提升客户满意度。', '5.根据公司的营销计划，完成公司下达的销售任务。', '圣阳蓄电池业务拓展，年销售任务1000万元，完成任务后奖金30万元', '以上仅针对圣阳产品，其他产品提成另算。\xa0\xa0', '任职资格：', '1.热爱销售工作，喜欢接受挑战，能够承担压力；', '2.具备大型项目、集成项目的运作经验；', '3.具有行业客户和大型渠道资源，并有稳定、长期合作的渠道伙伴；', '邮箱：13910321811@163.com', '北京市通州区九棵树西路90号弘祥1979文化创意产业园A座8218室\xa0', '联系人：杨振13910321811', '\r\n                ', '\r\n                                        ', '职能类别：', '大客户销售', '销售代表', '\r\n                                        ', '关键字：', '渠道销售', '直销销售', '电话销售', '\r\n                    ', '\r\n        ', '微信分享', '\r\n        ', '\r\n        ', '\r\n    ']"
https://jobs.51job.com/beijing-tzq/114425710.html?s=01&t=0,会计主管,华瑞联创（北京）科技有限公司,0.6-1万/月,北京-通州区,3-4年经验,招1人,民营公司,50-150人,计算机服务(系统、数据服务、维修),北京市通州区九棵树弘祥1979文化创意产业园A座8218,"['\r\n        ', '岗位职责 1、进行公司收入、支出及成本费等财务核算，对公司的经营活动、往来款项、财产物资如实进行全面的记录、反映、监督； 2、接受税务、审计等部门的检查、监督，及时、准确提供所需的各项资料，与各方保持良好的沟通及协调； 3、现金及银行收付处理，制作记帐凭证，银行对帐，单据审核，开具与保管发票；做账。', '邮箱：13910321811@163.com', '北京市通州区九棵树西路90号弘祥1979文化创意产业园A座8218室\xa0', '            ', '收件人：杨振13910321811', '\r\n                ', '\r\n                                        ', '职能类别：', '会计', '会计经理/会计主管', '\r\n                                        ', '关键字：', '会计', '\r\n                    ', '\r\n        ', '微信分享', '\r\n        ', '\r\n        ', '\r\n    ']"
https://jobs.51job.com/beijing-tzq/94513110.html?s=01&t=0,UPS工程师,华瑞联创（北京）科技有限公司,0.6-1万/月,北京-通州区,无工作经验,招3人,民营公司,50-150人,计算机服务(系统、数据服务、维修),北京市通州区九棵树弘祥1979文化创意产业园A座8218,"['\r\n        ', '\xa0岗位职责： 1、UPS电源安装，配电柜安装，电源线缆敷设等； 2、UPS电源和蓄电池组巡检； 3、公司安排的其他技术服务工作。 任职要求： 1、专科以上学历； 2、了解电工基本知识； 3、有UPS或配电、电气相关工作经验1年以上； 4、熟悉CAD制图、有电工证优先。有能力者可以面谈。', '邮箱：13910321811@163.com', '北京市通州区九棵树西路90号弘祥1979文化创意产业园A座8218室\xa0', '联系人：杨振13910321811', '\r\n                ', '\r\n                                        ', '职能类别：', '电工', '\r\n                                        ', '关键字：', 'UPS工程师', '安装工程师', '\r\n                    ', '\r\n        ', '微信分享', '\r\n        ', '\r\n        ', '\r\n    ']"
https://jobs.51job.com/beijing-tzq/92970732.html?s=01&t=0,销售经理,华瑞联创（北京）科技有限公司,0.8-2万/月,北京-通州区,无工作经验,大专,民营公司,50-150人,计算机服务(系统、数据服务、维修),北京市通州区九棵树弘祥1979文化创意产业园A座8218,"['\r\n        ', '岗位职责： 1 、负责企业客户开发工作，执行公司下达的各项任务指标并完成 2 、积极进行市场开发，扩大市场，提高市场占有率； 3 、 根据销售任务，制定中、短期销售计划、与客户间的长期战略合作计划，并定期汇报； 4 、 根据客户情况进行合同的审核、并负责回款。', '邮箱：13910321811@163.com', '北京市通州区九棵树西路90号弘祥1979文化创意产业园A座8218室\xa0', '联系人：杨振13910321811', '\r\n                ', '\r\n                                        ', '职能类别：', '销售经理', '销售主管', '\r\n                                        ', '关键字：', '渠道销售', '直销销售', '电话销售', '渠道销售', '直销销售', '电话销售', '\r\n                    ', '\r\n        ', '微信分享', '\r\n        ', '\r\n        ', '\r\n    ']"
https://jobs.51job.com/beijing-tzq/92967454.html?s=01&t=0,销售代表,华瑞联创（北京）科技有限公司,0.6-1.5万/月,北京-通州区,无工作经验,大专,民营公司,50-150人,计算机服务(系统、数据服务、维修),北京市通州区九棵树弘祥1979文化创意产业园A座8218,"['\r\n        ', '职位描述 主要销售的产品 为UPS电池及元器件，客户主要为高校 半导体 金融行业客户。 1.负责区域内的市场及客户开发，包括项目的跟踪、总包单位及当地供电局关系的维护。 2. 具备机电、电气行业相关基础知识 。 3.对跟踪项目及时报备、并制定项目进度管理表。 4.按公司要求完成签到、周报、月报、年报、工作计划等工作汇报。', '邮箱：13910321811@163.com', '北京市通州区九棵树西路90号弘祥1979文化创意产业园A座8218室\xa0', '联系人：杨振13910321811', '\r\n                ', '\r\n                                        ', '职能类别：', '销售代表', '销售经理', '\r\n                                        ', '关键字：', '销售', '销售代表', '直销销售', '电话销售', '渠道销售', '\r\n                    ', '\r\n        ', '微信分享', '\r\n        ', '\r\n        ', '\r\n    ']"
https://jobs.51job.com/beijing-tzq/91819581.html?s=01&t=0,UPS电源销售,华瑞联创（北京）科技有限公司,0.8-2万/月,北京-通州区,无工作经验,中专,民营公司,50-150人,计算机服务(系统、数据服务、维修),北京市通州区九棵树弘祥1979文化创意产业园A座8218,"['\r\n        ', '1\xa0负责UPS电源产品销售\xa0\xa02\xa0新客户的开发\xa0\xa03\xa0维护老客户\xa0\xa04\xa0熟悉IT\xa0UPS\xa0产品\xa0\xa0有工作经验的优先', '邮箱：13910321811@163.com', '北京市通州区九棵树西路90号弘祥1979文化创意产业园A座8218室\xa0', '收件人：杨振13910321811', '\r\n                ', '\r\n                                        ', '职能类别：', '销售经理', '\r\n                                        ', '关键字：', '电话销售', '\r\n                    ', '\r\n        ', '微信分享', '\r\n        ', '\r\n        ', '\r\n    ']"
https://jobs.51job.com/beijing-xcq/65448285.html?s=01&t=0,文化发展研究项目经理 (职位编号：003),北京伟世通经济咨询有限责任公司,1-1.5万/月,北京-西城区,2年经验,硕士,民营公司,少于50人,专业服务(咨询、人力资源、财会),新兴东巷甲15号 金泰鑫侨大厦7层,"['\r\n        ', '岗位描述:', '独立承担或组织文化创意产业和文化事业发展研究、文化产业功能区规划编制、文化企业战略咨询、文化经济政策设计与研究、文化服务平台建设、文化领域重大项目设计等相关咨询服务工作。', '岗位职责：', '1、参与相关咨询业务规划和具体项目开发设计，撰写项目建议书或竞标方案；', '2、负责相关咨询项目的工作方案编制、计划安排，统筹推进项目推进实施，做好工时和关键节点管理。', '3、负责相关咨询项目的研究成果的总体框架设计、质量管理、核心内容制定和研究成果提炼；', '4、负责与客户的交流沟通对接，汇报工作进展成果，组织召开项目研讨会等相关活动；', '5、负责相关领域的专题研究，凝练咨询方法与工具，总结咨询案例，组织出版相关研究成果。', '任职要求：', '1、要求硕士研究生学历，要求业内2年以上经验，所学专业为文化产业管理、文化创意产业、传媒经济学、文化交流、公共事业管理、贸易经济、旅游管理等经济管理类专业。', '2、具备较强的综合分析能力、逻辑思维能力和口头及书面表达能力；', '3、熟练操作电脑，精通ppt、word、excel等办公软件。', '4、具有自我驱动成长的意识和行动力，有高度的工作责任感和进取心，协调、统筹、计划能力强，具有一定的整体性、全面性；', '5、具备出色的公关协调能力和组织能力，较强的计划执行能力和团队管理能力；', '6、有政府部门、事业单位、行业协会、咨询机构从业经验者优先，近期可入职工作者优先。', '\r\n                ', '\r\n                                        ', '职能类别：', '咨询经理', '咨询总监', '\r\n                                        ', '关键字：', '咨询', '项目经理', '政府咨询', '产业咨询', '文化经济政策', '设计与研究', '\r\n                    ', '\r\n        ', '微信分享', '\r\n        ', '\r\n        ', '\r\n    ']"
https://jobs.51job.com/beijing/80393979.html?s=01&t=0,媒体运营,北京华联印刷有限公司,3-6千/月,北京,无工作经验,大专,合资,500-1000人,印刷/包装/造纸,北京经济技术开发区东环北路3号,"['\r\n        “云映像”主营文化创意产品，从创意开发到推广营销，业务涵盖整个文创产业链。是香港联合出版集团和中华商务在北京的文创事业部。拥有文化创意产业园区平台式的发展良机。目前组建初创的核心团队，招募文化创意相关领域的有识之士共谋发展。', '我们有文化创意产业的丰富资源，我们拥有开放、自由的平台，我们有广阔的职场前景……如果你对文化创意行业有激情和梦想，欢迎加入我们，绽放你的才华。', '岗位职责：', '\xa0\xa0\xa0\xa0负责“云映像”品牌的媒体宣传工作。工作内容包括“云映像”的自媒体（微博、微信、今日头条等）平台的内容维护、粉丝运营。维护、树立“云映像”品牌的良好形象。', '岗位要求：', '大学以上学历，具有良好的线上、线下媒体资源。', '熟悉相关媒体推广的流程、模式。', '协助品牌、市场经理制定年度系列活动计划，并完成年度任务。', '具有3年以上媒体运营经验优先。\r\n                ', '\r\n                                        ', '职能类别：', '市场/营销/拓展专员', '\r\n                                ', '\r\n        ', '微信分享', '\r\n        ', '\r\n        ', '\r\n    ']"
https://jobs.51job.com/beijing-dxq/57731511.html?s=01&t=0,平面设计师,北京华联印刷有限公司,3-4.5千/月,北京-大兴区,1年经验,大专,合资,500-1000人,印刷/包装/造纸,北京经济技术开发区东环北路3号,"['\r\n        1、设计艺术或相关专业院校毕业。', '2、有书刊平面设计、文化创意产品的开发设计工作经验者优先。', '3、积极进取富有上进心，能平易近人，态度谦和。', '4、对工作热情，愿将设计艺术工作作为终生事业。', '5、兴趣爱好广泛，具备一定人格魅力者优先考虑。\r\n                ', '\r\n                                        ', '职能类别：', '排版设计', '平面设计师', '\r\n                                        ', '关键字：', '平面设计师、包装、图书期刊', '\r\n                    ', '\r\n        ', '微信分享', '\r\n        ', '\r\n        ', '\r\n    ']"
https://jobs.51job.com/beijing/102128579.html?s=01&t=0,渠道运营专员,北京华联印刷有限公司,6-8千/月,北京,1年经验,大专,合资,500-1000人,印刷/包装/造纸,北京经济技术开发区东环北路3号,"['\r\n        ', '1. 负责淘宝、京东等渠道的整体规划、建立、营销、推广等系统经营性工作；', '2. 负责淘宝、京东等渠道的各种促销及营销策划，使商品促销实现多样化、内容化、品牌化经营；', '3. 对店铺及竞争对手做出专业的数据分析;', '4. 负责淘宝、京东等渠道的的产品分析（商品定价、确定主推商品、分析销售情况）、产品销售（商品销售、配合推广促销）、产品促销（策划活动方案、执行促销活动、协助促销宣传）', '6.负责淘宝、京东付费流量，如直通车、京东快车、淘宝客、京挑客。', '任职要求:', '1. 一年以上天猫店铺工作经验，有品牌旗舰店、专营店工作经验优先考虑；', '2. 熟悉淘宝、京东网店平台操作及推广模式，并能制订相关的计划，能独立完成淘宝平台的产品管理流程；', '3. 熟悉电子商务平台，特别是淘宝网的操作和其它各种营销工具的使用，熟悉SEO推广；在付费流量像直通车、京东快车、淘宝客、京挑客、等有自己的成熟的套路玩法，如果懂得钻展的玩法，有加薪；', '4.精通淘宝、京东的营销规则，熟悉淘宝会员的购物习惯和购物心理；', '                                                ', '    ', '5.', '良好的策划推广和项目执行能力；有一定的活动策划经验如淘抢购，聚划算，策划过双十一类的大型活动项目，有加薪；', '电商部门是华联印刷全资子公司华联文创公司的岗位。依附总部的坚实平台，秉持创造属于中国自己的文化创意产品，凡是有关人文，艺术，创意的研习，展演，工作坊，等多元文创产业。自创文创品牌“印象唯物”，主营文化创意产品，从创意开发到推广营销，业务涵盖整个文创产业链。是香港联合出版集团和中华商务在北京的文创事业部。拥有文化创意产业园区平台式的发展良机。目前组建初创的核心团队，招募文化创意相关领域的有识之士共谋发展。', '        ', '我们有文化创意产业的丰富资源，我们拥有开放、自由的平台，我们有广阔的职场前景', '……', '如果你对文化创意行业有激情和梦想，欢迎加入我们，绽放你的才华。', '\r\n                ', '\r\n                                        ', '职能类别：', '市场/营销/拓展主管', '\r\n                                ', '\r\n        ', '微信分享', '\r\n        ', '\r\n        ', '\r\n    ']"
https://jobs.51job.com/beijing/102124399.html?s=01&t=0,活动运营,北京华联印刷有限公司,6-8千/月,北京,1年经验,大专,合资,500-1000人,印刷/包装/造纸,北京经济技术开发区东环北路3号,"['\r\n        ', '1、负责电商部门策划、落地执行全平台公司所有店铺活动，包含淘宝京东较大的活动、如聚划算、淘抢购、双十一等；', '2、负责公司各平台活动各细节的执行，跟进活动的报名、资料的提交、活动时间、人员的安排、产品的选定等；', '3、负责站内活动的信息收集、联络、报名，跟平台小二保持良好沟通，关注群消息；', '任职资格：', '1、1年以上天猫、京东等电商平台活动策划经验或者活动报名经验，参与过天猫双11，京东618等官方大型活动策划者优先；加分项：熟悉淘内免费流量玩法，会操作直通车、淘宝客等付费流量。', '2、性格开朗善于沟通；', '                                ', '3', '、有责任心，能承受较大的工作压力，对活动目标负责。', '.电商部门是华联印刷全资子公司华联文创公司的岗位。依附总部的坚实平台，秉持创造属于中国自己的文化创意产品，凡是有关人文，艺术，创意的研习，展演，工作坊，等多元文创产业。自创文创品牌“印象唯物”，主营文化创意产品，从创意开发到推广营销，业务涵盖整个文创产业链。是香港联合出版集团和中华商务在北京的文创事业部。拥有文化创意产业园区平台式的发展良机。目前组建初创的核心团队，招募文化创意相关领域的有识之士共谋发展。', '    ', '我们有文化创意产业的丰富资源，我们拥有开放、自由的平台，我们有广阔的职场前景……如果你对文化创意行业有激情和梦想，欢迎加入我们，绽放你的才华。', '\r\n                ', '\r\n                                        ', '职能类别：', '活动策划', '活动执行', '\r\n                                ', '\r\n        ', '微信分享', '\r\n        ', '\r\n        ', '\r\n    ']"
https://jobs.51job.com/beijing/89453573.html?s=01&t=0,电商运营,北京华联印刷有限公司,6-8千/月,北京,无工作经验,招2人,合资,500-1000人,印刷/包装/造纸,北京经济技术开发区东环北路3号,"['\r\n        “云映像”主营文化创意产品，从创意开发到推广营销，业务涵盖整个文创产业链。是香港联合出版集团和中华商务在北京的文创事业部。拥有文化创意产业园区平台式的发展良机。目前组建初创的核心团队，招募文化创意相关领域的有识之士共谋发展。', '我们有文化创意产业的丰富资源，我们拥有开放、自由的平台，我们有广阔的职场前景……如果你对文化创意行业有激情和梦想，欢迎加入我们，绽放你的才华。', '岗位职责：', '\xa0\xa0\xa0\xa0负责“云映像”品牌的电商运营工作。维护、树立“云映像”品牌的良好形象。', '岗位要求：', '大学以上学历，具有良好的线上、线下媒体资源。', '熟悉相关电商运营媒体推广的流程、模式。', '协助品牌、市场经理制定年度系列活动计划，并完成年度任务。', '具有3年以上电商运营经验优先。\r\n                ', '\r\n                                        ', '职能类别：', '包装设计', '\r\n                                ', '\r\n        ', '微信分享', '\r\n        ', '\r\n        ', '\r\n    ']"
https://jobs.51job.com/beijing-hdq/93529944.html?s=01&t=0,舞台设计导师 留学作品集辅导,北京斯芬克教育咨询有限公司,200元/小时,北京-海淀区,无工作经验,硕士,上市公司,150-500人,教育/培训/院校,北京海淀区中关村大街15-11号创业公社B1层 D11室,"['\r\n        ', '公司介绍：', '北京斯芬克教育咨询有限公司（http://www.sfkedu.com）隶属于新东方教育集团，是一家专注于国际艺术创新教育、作品集培训、艺术留学规划的专业教育培训机构。2011年创立于纽约，中国区总部位于北京，现已于上海、成都、杭州、广州、深圳、南京建立分支机构。在汲取全球先进产业经验的同时，扎根中国本土艺术实践，致力于推动中国文化艺术产业的国际化和艺术公益实践。我们致力服务于艺术留学申请者、艺术爱好者，为学生提供全球***的海归艺术导师及领先的创新艺术课程，帮助艺术申请者顺利实现艺术深造梦想，激发自身潜能，发现更广阔的艺术世界。核心管理团队由中外“管理、艺术设计、市场战略”方面青年行业领军人物组成，致力于在5年内成为中国***梯队的文化创意产业集团公司。', '艺术留学作品集导师：', '岗位职责 ：', '1、负责指导学生作品集创作，包括不限于创意思维训练，设计能力及创作表现技法等；', '2、完善和制定学生的学习计划和课程方案，积极辅助教学管理；', '3、积极配合各类型课程产品及合作项目的教学执行，参与导师培训，辅助公司跨部门协作；', '4、定期和教研导师及地方导师主管反馈学生情况；配合教研组编写各类型课程大纲，辅助新课程产品研发和优化。', '任职要求 ：', '1、 国外艺术院校艺术类专业硕士以上学历（建筑设计、服装设计、珠宝设计、平面设计等艺术相关专业）；', '2、 较好的设计表现力，扎实的艺术设计知识，热爱教育事业；', '3、 熟练使用Photoshop、Illustrator 等绘图软件；', '4、 有相关教学经验优先。', '\r\n                ', '\r\n                                        ', '职能类别：', '兼职教师', '音乐/美术教师', '\r\n                                        ', '关键字：', '艺术教育', '艺术留学', '\r\n                    ', '\r\n        ', '微信分享', '\r\n        ', '\r\n        ', '\r\n    ']"
https://jobs.51job.com/beijing-dcq/109944119.html?s=01&t=0,H5前端开发,北京道乐文化创意有限公司,0.4-1.5万/月,北京-东城区,2年经验,大专,民营公司,少于50人,影视/媒体/艺术/文化传播,北京市东城区西花市南里东区15-7-403,"['\r\n        ', '1、移动端，Web端H5开发，编写可复用的用户界面组件；', '2、持续的优化前端体验和页面响应速度，并保证兼容性和执行效率；', '3、负责前端产品的页面制作，根据UI设计图完成html5应用的编码；', '4、研讨技术实现方案，进行应用及系统整合。', '5、测试维护并持续优化现有产品，修复bug，提高前端的用户体验及性能', '6、参与前端工程体系建设。', '任职要求：', '1、熟悉HTML5/CSS3标准，精通Javascript前端开发，两年以上的Web应用开发经验，熟悉jQuery等常见web开发框架中的一种，能快速高效实现各种交互效果；', '2、精通XHTML/XML/CSS、JavaScript、AJAX、Angular、Jquery等，精通W3C标准，熟悉对象化Javascript编程，熟练使用react、react-native、node者优先；', '3、对Android与iOS不同平台的html5页面适配有较好的了解，具有Android、iPhone、iPad等智能手机和平板html5开发经验；', '4、了解Canvas、SVG、电子地图、动画等；', '5、合理优化js\xa0/\xa0css等代码，使得网站体验更加优越；', '6、熟练使用less或sass进行前端开发，具有良好的编码风格与规范；', '7、良好的逻辑思维和团队合作能力；', '\r\n                ', '\r\n                                        ', '职能类别：', '其他', '平面设计师', '\r\n                                        ', '关键字：', 'H5', 'H5开发', 'Web', '应用编程', '移动', '\r\n                    ', '\r\n        ', '微信分享', '\r\n        ', '\r\n        ', '\r\n    ']"
